census_code,soc2010_set,lm_aioe,aioe,title,lm_aioe_z,aioe_z
10,11-1011,1.308912,1.334246,Chief Executives,1.3696041489971347,1.371329524242968
20,11-1021,0.6776147,0.5748773,General and Operations Managers,0.6969877553019944,0.5769766023234596
30,11-1031,,,Legislators,,
40,11-2011,1.217224,1.294387,Advertising and Promotions Managers,1.2719150698499246,1.3296342145537619
51,11-2020;11-2031,1.2935143333333334,1.2916670000000001,Marketing Managers,1.3531986883296279,1.3267889037743987
52,11-2020;11-2031,1.2935143333333334,1.2916670000000001,Sales Managers,1.3531986883296279,1.3267889037743987
60,11-2031,1.382948,1.293689,Public Relations and Fundraising Managers,1.4484858855792702,1.3289040575964106
101,11-3011;11-3021,0.8566317999999999,0.8998404,Administrative Services Managers,0.8877217188588831,0.9169107976636433
102,11-3011;11-3021,0.8566317999999999,0.8998404,Facilities Managers,0.8877217188588831,0.9169107976636433
110,11-3021,0.9450699,1.059853,Computer and Information Systems Managers,0.9819481885226219,1.084295200462886
120,11-3031,1.294551,1.446232,Financial Managers,1.3543032059551543,1.488474734881855
135,11-3111,1.466744,1.298235,Compensation and Benefits Managers,1.5377664247580025,1.3336594924504495
136,11-3121,1.359222,1.320417,Human Resources Managers,1.4232069931195512,1.3568634202842125
137,11-3131,1.336838,1.284423,Training and Development Managers,1.3993579360168644,1.319211171684065
140,11-3051,0.3542972,0.5086878,Industrial Production Managers,0.3525087738957243,0.5077377428268919
150,11-3061,1.393102,1.423426,Purchasing Managers,1.4593044759036395,1.4646180592810616
160,11-3071,0.9045479,0.8907923,"Transportation, Storage, and Distribution Managers",0.9387739796272021,0.9074458504346886
205,11-9013,-0.1584996,-0.1443684,"Farmers, Ranchers, and Other Agricultural Managers",-0.19385113341642168,-0.17540484739002224
220,11-9021,0.6361951,1.029139,Construction Managers,0.6528571975120352,1.0521662021991498
230,11-9030,1.0848625749999998,0.9255233749999999,Education and Childcare Administrators ,1.1308904458766398,0.9437769909039435
300,11-9041,0.647411,0.8370105,Architectural and Engineering Managers,0.6648071903443271,0.8511863154076449
310,11-9051,0.0614931,-0.1213112,Food Service Managers,0.04054032764836801,-0.15128539897019339
325,11-9061,0.336732,0.3719018,Funeral Home Managers,0.3337939124848901,0.3646499927291042
335,11-9071,0.7192592,0.8299207,Entertainment and Recreation Managers,0.7413579330411313,0.8437698873328179
340,11-9081,0.4639851,0.4021726,Lodging Managers,0.46937586604072984,0.3963153727070267
350,11-9111,1.314992,1.260259,Medical and Health Services Managers,1.3760820915982932,1.2939339328338688
360,11-9121,1.241343,1.327906,Natural Sciences Managers,1.2976126845863303,1.3646974395587168
400,11-9131,0.8657041,0.8233757,Postmasters and Mail Superintendents,0.8973878107438324,0.8369233582699751
410,11-9141,1.214595,1.215396,"Property, Real Estate, and Community Association Managers",1.2691139989455749,1.2470040881667461
420,11-9151,1.225244,1.156153,Social and Community Service Managers,1.280459987557374,1.1850317548940192
425,11-9161,0.901037,1.030768,Emergency Management Directors,0.9350332874103587,1.0538702504563493
426,11-9161;11-9199,0.9055008499999999,0.9977275999999999,"Personal Service Managers, All Other",0.939789301239336,1.0193076746201457
440,11-9199,0.9099647,0.9646872,"Managers, All Other",0.9445453150683134,0.9847450987839422
500,13-1011,1.247628,1.068559,"Agents and Business Managers of Artists, Performers, and Athletes",1.3043090446600607,1.0934022870971276
510,13-1021,0.736816,0.7687054,"Buyers and Purchasing Agents, Farm Products",0.7600638446628456,0.7797343899240107
520,13-1022,0.7911764,0.8188258,"Wholesale and Retail Buyers, Except Farm Products",0.8179821918628499,0.8321638437423924
530,13-1023,1.495701,1.509181,"Purchasing Agents, Except Wholesale, Retail, and Farm Products",1.5686186918471063,1.5543238040914646
540,13-1030,0.8441406499999999,0.96875975,"Claims Adjusters, Appraisers, Examiners, and Investigators",0.8744130095295306,0.989005271730448
565,13-1041,0.5718207,0.6981205,Compliance Officers,0.5842694231396619,0.7058976337364087
600,13-1051,1.13408,1.367669,Cost Estimators,1.1833292047790795,1.4062923265145333
630,13-1070,0.8614939666666667,0.7531605,Human Resources Workers,0.8929021196128196,0.7634733342129357
640,13-1141,1.361838,1.440985,"Compensation, Benefits, and Job Analysis Specialists",1.4259942131597867,1.4829860048600467
650,13-1151,1.322911,1.198409,Training and Development Specialists,1.3845193987460853,1.2292344947075389
700,13-1081,1.081353,1.297303,Logisticians,1.1271511653824853,1.3326845550804618
705,13-1081;13-1111,1.3144550000000002,1.3648600000000002,Project Management Specialists,1.3755099443652634,1.4033539154927572
710,13-1111,1.547557,1.432417,Management Analysts,1.6238687233480416,1.4740232759050524
725,13-1121,0.5130678,0.3740207,"Meeting, Convention, and Event Planners",0.521671082045646,0.366866510747631
726,13-1131,1.404691,1.242567,Fundraisers,1.4716519885360124,1.2754268599263339
735,13-1161,1.356259,1.426757,Market Research Analysts and Marketing Specialists,1.4200500615525722,1.4681025189156423
750,13-1199,0.92503,1.047687,"Business Operations Specialists, All Other",0.9605966553099641,1.0715687111460726
800,13-2011,1.214001,1.481956,Accountants and Auditors,1.268481121000659,1.5258445445443451
810,13-2021,0.6279358,0.8413203,Property Appraisers and Assessors,0.6440573173597737,0.8556946684947404
820,13-2031,1.299968,1.502988,Budget Analysts,1.3600747544864829,1.5478454917177158
830,13-2041,1.092495,1.345268,Credit Analysts,1.1390224213795428,1.3828593093202257
845,13-2051,1.272825,1.380615,Financial and Investment Analysts,1.3311552156668693,1.419834750540135
850,13-2052,1.395742,1.400749,Personal Financial Advisors,1.462117266769932,1.44089632672826
860,13-2053,1.261974,1.326652,Insurance Underwriters,1.3195940059357552,1.363385667603819
900,13-2061,1.357634,1.526064,Financial Examiners,1.4215150567954329,1.5719846062561669
910,13-2070,1.4163895,1.38556,Credit Counselors and Loan Officers,1.4841161680622714,1.4250075673798228
930,13-2081,1.253237,1.36682,"Tax Examiners and Collectors, and Revenue Agents",1.3102851597998468,1.4054042129661217
940,13-2082,1.143748,1.29371,Tax Preparers,1.1936299858757904,1.3289260250693393
960,13-2099,1.252594,1.361362,Other Financial Specialists,1.309600074751731,1.3996947621448848
1005,15-1111,0.968235,1.154269,Computer and Information Research Scientists,1.0066294694683622,1.1830609587512544
1006,15-1121,1.045816,1.19815,Computer Systems Analysts,1.0892882301493643,1.2289635625414157
1007,15-1122,1.044709,1.250146,Information Security Analysts,1.0881087757974757,1.2833550255133905
1010,15-1131,1.024722,1.271506,Computer Programmers,1.066813604947252,1.305699083692508
1021,15-1131;15-1150,0.6691759999999999,0.7856365333333333,Software Developers,0.6879967332249551,0.797445542931426
1022,15-1131;15-1150,0.6691759999999999,0.7856365333333333,Software Quality Assurance Analysts and Testers,0.6879967332249551,0.797445542931426
1031,15-1134;15-1143,0.64210285,0.8348968000000001,Web Developers,0.6591516161636791,0.8489752369538436
1032,15-1134;15-1143,0.64210285,0.8348968000000001,Web and Digital Interface Designers,0.6591516161636791,0.8489752369538436
1050,15-1150,0.49140300000000003,0.5427018,Computer Support Specialists,0.49858829736380694,0.5433187725508851
1065,15-1141,0.9959827,1.284863,Database Administrators and Architects,1.0361932865595087,1.3196714425454328
1105,15-1142,0.4749538,0.7895315,Network and Computer Systems Administrators,0.48106247936463264,0.8015199512556641
1106,15-1143,0.4954185,0.5803306,Computer Network Architects,0.502866616198503,0.5826811366150411
1108,15-1199,1.043586,1.232705,"Computer Occupations, All Other",1.0869122742282153,1.2651105162108631
1200,15-2011,1.199589,1.516474,Actuaries,1.2531258399533072,1.5619527936186324
1210,15-2021,1.166233,1.472319,Mathematicians,1.2175866535381348,1.5157635666102556
1220,15-2031,1.233633,1.40002,Operations Research Analysts,1.2893980567154528,1.4401337415965851
1230,15-2041,1.243257,1.382724,Statisticians,1.2996519579643924,1.422040912464281
1240,15-2090,0.438215,0.7559803,Other Mathematical Science Occupations,0.4419190850166971,0.7664230427922183
1305,17-1010;17-1020,0.449441375,0.761147125,"Architects, Except Landscape and Naval",0.453880238449112,0.7718279041405947
1306,17-1010;17-1020,0.449441375,0.761147125,Landscape Architects,0.453880238449112,0.7718279041405947
1310,17-1020,0.17551545,0.48152925,"Surveyors, Cartographers, and Photogrammetrists",0.16202556425185904,0.47932799464054043
1320,17-2011,1.11685,1.338738,Aerospace Engineers,1.1649714825721775,1.376028471309475
1330,17-2021,0.6895172,0.9409636,Agricultural Engineers,0.7096692868497397,0.9599285492231694
1340,17-2031,0.7338057,0.9874239,Bioengineers and biomedical engineers,0.7568565172595121,1.0085292817240703
1350,17-2041,0.9060193,1.341336,Chemical Engineers,0.940341684354726,1.3787461615318228
1360,17-2051,0.9267973,1.282867,Civil Engineers,0.9624796270137516,1.3175834865470468
1400,17-2061,0.9768626,1.141812,Computer Hardware Engineers,1.0158217552554933,1.1700300630238543
1410,17-2070,0.67902095,0.8960914,Electrical and Electronics Engineers,0.6984860458912837,0.9129890807107636
1420,17-2081,1.043951,1.343561,Environmental Engineers,1.0873011638745023,1.3810736675921476
1430,17-2110,0.83473405,1.06638175,"Industrial Engineers, including Health and Safety ",0.8643907373466262,1.0911247308859626
1440,17-2121,0.3434475,0.5472173,Marine Engineers and Naval Architects,0.3409489492510218,0.54804230226567
1450,17-2131,0.7804771,1.037278,Materials Engineers,0.8065826110614392,1.0606801670643107
1460,17-2141,0.6780269,1.004709,Mechanical Engineers,0.6974269342395268,1.0266107086918541
1500,17-2151,1.031417,1.34695,"Mining and Geological Engineers, Including Mining Safety Engineers",1.0739467999661267,1.3846187992948173
1510,17-2161,1.07307,1.303009,Nuclear Engineers,1.1183260340394923,1.3386534312962877
1520,17-2171,1.03314,1.247779,Petroleum Engineers,1.0757825721868168,1.280878977493261
1530,17-2199,0.5808077,0.787566,"Engineers, All Other",0.5938446320469997,0.7994639003965323
1541,17-3010;17-3020,0.1586776,0.4340606000000001,Architectural and Civil Drafters,0.14408565868822096,0.42967245731450304
1545,17-3010;17-3020,0.1586776,0.4340606000000001,Other Drafters,0.14408565868822096,0.42967245731450304
1551,17-3020;17-3031,-0.0173373111111111,0.24281482222222225,Electrical and Electronic Engineering Technologists and Technicians,-0.04344961945747398,0.229615959881113
1555,17-3020;17-3031,-0.0173373111111111,0.24281482222222225,"Other Engineering Technologists and Technicians, Except Drafters",-0.04344961945747398,0.229615959881113
1560,17-3031,-0.2902489,0.0852324,Surveying and Mapping Technicians,-0.33422356814386167,0.06477369348881122
1600,19-1010,0.7178145333333333,0.8225950333333333,Agricultural and Food Scientists,0.7398187113726323,0.836106726181094
1610,19-1020,0.6616595,0.752081,Biological Scientists,0.6799882701391643,0.762344101497376
1640,19-1030,-0.060828099999999996,-0.05767484999999999,Conservation Scientists and Foresters,-0.08978692769782463,-0.08471731345021806
1650,19-1040,1.225736,1.3581075,Medical Scientists,1.2809841894915466,1.3962903268759739
1660,19-1099,,,"Life Scientists, All Other",,
1700,19-2010,1.0656889999999999,1.3597365,Astronomers and Physicists,1.1104619395758157,1.3979943751331732
1710,19-2021,1.259493,1.373917,Atmospheric and Space Scientists,1.3169506217920917,1.412828172745953
1720,19-2030,0.55622835,0.76694105,Chemists and Materials Scientists,0.5676565369032842,0.7778887560734337
1745,19-2040;19-2099,0.7262428249999999,0.8772813000000002,"Environmental Scientists and Specialists, Including Health",0.7487986438796209,0.8933123967802855
1750,19-2040;19-2099,0.7262428249999999,0.8772813000000002,"Geoscientists and Hydrologists, Except Geographers",0.7487986438796209,0.8933123967802855
1760,19-2099,0.9125224,1.140157,"Physical Scientists, All Other",0.9472704193102515,1.1682988169430286
1800,19-3011,1.330122,1.403764,Economists,1.39220236652519,1.4440502281987673
1815,19-3022,1.278523,1.42653,Survey Researchers,1.337226155953284,1.467865060993982
1821,19-3030;19-3041,1.5326135,1.41495375,Clinical and Counseling Psychologists,1.6079471550486313,1.4557554915419217
1822,19-3030;19-3041,1.5326135,1.41495375,School Psychologists,1.6079471550486313,1.4557554915419217
1825,19-3030;19-3041,1.5326135,1.41495375,Other Psychologists,1.6079471550486313,1.4557554915419217
1830,19-3041,1.747498,1.411125,Sociologists,1.8368960788773618,1.4517503504954192
1840,19-3051,1.07547,1.227516,Urban and Regional Planners,1.1208831166452127,1.2596824582571442
1860,19-3090,1.27280388,1.1957393,Miscellaneous Social Scientists and Related Workers,1.331132713339939,1.226441801256191
1900,19-4011,-0.0492323,0.095719,Agricultural and Food Science Technicians,-0.07743216999806875,0.07574341261339604
1910,19-4021,0.1328288,0.3012355,Biological Technicians,0.11654502666374224,0.2907280864321492
1920,19-4031,-0.0940159,0.0628057,Chemical Technicians,-0.12514690524037958,0.04131379229191934
1935,19-4041,-0.0265366,0.0832659,Environmental Science and Geoscience Technicians,-0.05325101179196396,0.06271659655953996
1940,19-4051,-0.0905259,0.1696743,Nuclear Technicians,-0.12142848095122766,0.15310584359907375
1950,19-4061,1.125941,1.204652,Social Science Research Assistants,1.1746574983924298,1.2357651105882612
1970,19-4090,-0.17938595000000002,0.00996545,"Other Life, Physical, and Social Science Technicians",-0.21610451770058464,-0.013960815395304664
1980,29-9000;31-1010,0.033968477777777735,-0.11822766666666669,Occupational Health and Safety Specialists and Technicians,0.011214189017754105,-0.14805980682612754
2001,21-1010;21-1020,1.1936213125,1.005805825,Substance Abuse and Behavioral Disorder Counselors,1.246767560827213,1.0277580645725801
2002,21-1010;21-1020,1.1936213125,1.005805825,"Educational, Guidance, and Career Counselors and Advisors",1.246767560827213,1.0277580645725801
2003,21-1010;21-1020,1.1936213125,1.005805825,Marriage and Family Therapists,1.246767560827213,1.0277580645725801
2004,21-1010;21-1020,1.1936213125,1.005805825,Mental Health Counselors,1.246767560827213,1.0277580645725801
2005,21-1010;21-1020,1.1936213125,1.005805825,Rehabilitation Counselors,1.246767560827213,1.0277580645725801
2006,21-1010;21-1020,1.1936213125,1.005805825,"Counselors, All Other",1.246767560827213,1.0277580645725801
2011,21-1020;21-1092,1.050174775,0.8391490749999999,"Child, Family, and School Social Workers",1.0939322917055097,0.8534234148561657
2012,21-1020;21-1092,1.050174775,0.8391490749999999,Healthcare Social Workers,1.0939322917055097,0.8534234148561657
2013,21-1020;21-1092,1.050174775,0.8391490749999999,Mental Health and Substance Abuse Social Workers,1.0939322917055097,0.8534234148561657
2014,21-1020;21-1092,1.050174775,0.8391490749999999,"Social Workers, All Other",1.0939322917055097,0.8534234148561657
2015,21-1092,0.896767,0.5272448,Probation Officers and Correctional Treatment Specialists,0.9304838112743476,0.5271496664050698
2016,21-1093,0.5573961,0.4652255,Social and Human Service Assistants,0.56890071740863,0.4622731286041272
2025,21-1093;21-2011,1.01374955,0.87389225,Other Community and Social Service Specialists,1.0551229961817779,0.8897672127741085
2040,21-2011,1.470103,1.282559,Clergy,1.5413452749549255,1.3172612969440896
2050,21-2021,1.355036,1.210922,"Directors, Religious Activities and Education",1.4187470148747403,1.2423239703627493
2060,21-2099,,,"Religious Workers, All Other",,
2100,23-1011,1.454044,1.328783,Lawyers,1.5242351959693978,1.3656148430710335
2105,23-1012,1.512581,1.462973,Judicial Law Clerks,1.5866035061740076,1.5059869950867524
2110,23-1020,1.6135506666666666,1.434267,"Judges, Magistrates, and Other Judicial Workers",1.6941817471484797,1.475958505663075
2145,23-2011,1.332659,1.292055,Paralegals and Legal Assistants,1.3949054159296537,1.3271947789885137
2170,23-2090;25-1000,1.4745409552631579,1.2018900289473684,"Title Examiners, Abstractors, and Searchers",1.54607369920842,1.232875895144018
2180,23-2090;25-1000,1.4745409552631579,1.2018900289473684,"Legal Support Workers, All Other",1.54607369920842,1.232875895144018
2205,25-1000,1.492920013888889,1.2099061416666668,Postsecondary Teachers,1.5656556871756595,1.2412613112943158
2300,25-2010,0.48767865,0.19752095,Preschool and Kindergarten Teachers,0.4946201846127172,0.18223539264839575
2310,25-2020,0.9826375999999999,0.8977710666666668,Elementary and Middle School Teachers,1.0219747352755082,0.9147461298550298
2320,25-2030,0.83539635,0.78238775,Secondary School Teachers,0.8650963856006965,0.7940470876968125
2330,25-2050,0.7380106200000001,0.5404701199999999,Special Education Teachers,0.7613366538388648,0.5409842787420287
2350,25-3000;25-4010,0.8315046166666668,0.7537747166666665,Tutors,0.860949934095376,0.7641158479271015
2360,25-3000;25-4010,0.8315046166666668,0.7537747166666665,Other Teachers and Instructors,0.860949934095376,0.7641158479271015
2400,25-4010,0.41267490000000007,0.44067176666666663,"Archivists, Curators, and Museum Technicians",0.4147073577423792,0.4365882013515742
2435,25-4021,0.9777895,1.037039,Librarians and Media Collections Specialists,1.0168093218668441,1.060430156300977
2440,25-4031,0.1795232,0.037965,Library Technicians,0.16629562584064092,0.015328677778342558
2545,25-9041,0.7475703,0.4516636,Teaching Assistants,0.7715220252739707,0.44808642997962483
2555,25-9041;27-1010,0.058159080000000016,0.1362921,Other Educational Instruction and Library Workers,0.03698809241956621,0.11818572098919873
2600,27-1010,-0.11419372500000001,0.05744922499999999,Artists and Related Workers,-0.14664539079403496,0.035710543741592195
2631,27-1020;27-2011,0.23516975000000004,0.26480896249999997,Commercial and Industrial Designers,0.22558430295454007,0.25262337326904993
2632,27-1020;27-2011,0.23516975000000004,0.26480896249999997,Fashion Designers,0.22558430295454007,0.25262337326904993
2633,27-1020;27-2011,0.23516975000000004,0.26480896249999997,Floral Designers,0.22558430295454007,0.25262337326904993
2634,27-1020;27-2011,0.23516975000000004,0.26480896249999997,Graphic Designers,0.22558430295454007,0.25262337326904993
2635,27-1020;27-2011,0.23516975000000004,0.26480896249999997,Interior Designers,0.22558430295454007,0.25262337326904993
2636,27-1020;27-2011,0.23516975000000004,0.26480896249999997,Merchandise Displayers and Window Trimmers,0.22558430295454007,0.25262337326904993
2640,27-1020;27-2011,0.23516975000000004,0.26480896249999997,Other Designers,0.22558430295454007,0.25262337326904993
2700,27-2011,0.5784018,0.1590935,Actors,0.5912812632798733,0.1420375846673507
2710,27-2012,0.8597838,0.9388108,Producers and Directors,0.8910800206810628,0.9576765694269145
2721,27-2020;27-2030,-0.7592359800000001,-1.1951115799999998,Athletes and Sports Competitors,-0.8339063617170551,-1.2745559122416492
2722,27-2020;27-2030,-0.7592359800000001,-1.1951115799999998,Coaches and Scouts,-0.8339063617170551,-1.2745559122416492
2723,27-2020;27-2030,-0.7592359800000001,-1.1951115799999998,"Umpires, Referees, and Other Sports Officials",-0.8339063617170551,-1.2745559122416492
2740,27-2030,-1.33957505,-2.1227635,Dancers and Choreographers,-1.4522292539324844,-2.244944885577319
2751,27-2040;27-2099,0.66108965,0.43947915000000004,Music Directors and Composers,0.6793811228379685,0.4353406406687379
2752,27-2040;27-2099,0.66108965,0.43947915000000004,Musicians and Singers,0.6793811228379685,0.4353406406687379
2755,27-2040;27-2099,0.66108965,0.43947915000000004,"Disc jockeys, except radio ",0.6793811228379685,0.4353406406687379
2770,27-2099,,,"Entertainers and Performers, Sports and Related Workers, All Other",,
2805,27-3010,0.9484251,0.7572106000000001,Broadcast Announcers and Radio Disc Jockeys,0.9855229900054192,0.7677100228848105
2810,27-3020,1.350181,1.175098,"News Analysts, Reporters, and Journalists",1.413574249853585,1.2048495536863122
2825,27-3031,1.517637,1.284927,Public Relations Specialists,1.591990426863392,1.3197383910343587
2830,27-3041,1.190631,1.128221,Editors,1.2435815291274552,1.1558129237582933
2840,27-3042,1.316551,1.184001,Technical Writers,1.377743129840926,1.2141627161380295
2850,27-3043,1.170131,0.9879274,Writers and Authors,1.2217397818702591,1.0090559780392945
2861,27-3090;27-4010,0.4800558,0.52388828,Interpreters and Translators,0.4864984108039602,0.5236385110605299
2862,23-2090;25-1000,1.4745409552631579,1.2018900289473684,Court Reporters and Simultaneous Captioners,1.54607369920842,1.232875895144018
2865,27-3090;27-4010,0.4800558,0.52388828,"Media and Communication Workers, All Other",0.4864984108039602,0.5236385110605299
2905,27-4010,0.26208,0.3770306,"Broadcast, Sound, and Lighting Technicians",0.2542558580339529,0.3700150772604271
2910,27-4021,-0.3821391,-0.1680973,Photographers,-0.4321280815006037,-0.20022694112253428
2920,27-4030,0.013856250000000014,0.26935305,"Television, Video, and Film Camera Operators and Editors",-0.010214405904264529,0.2573768075139469
2970,27-4099,,,"Media and Communication Equipment Workers, All Other",,
3000,29-1011,0.0516267,-0.1911757,Chiropractors,0.0300281610562509,-0.22436856622931994
3010,29-1020,-0.2179692,-0.103693525,Dentists,-0.2572130833035708,-0.1328560752257748
3030,29-1031,1.363892,1.342809,Dietitians and Nutritionists,1.4281826496898493,1.3802870228472646
3040,29-1041,0.2003319,0.5040194,Optometrists,0.18846627784799794,0.5028542689877817
3050,29-1051,0.5705959,0.6058705,Pharmacists,0.5829644586498759,0.6093976633701365
3065,29-1060;29-1071,0.6353500222222221,0.6404837666666666,Emergency Medicine Physicians,0.6519568084761865,0.6456055680597106
3070,29-1060;29-1071,0.6353500222222221,0.6404837666666666,Radiologists,0.6519568084761865,0.6456055680597106
3090,29-1060;29-1071,0.6353500222222221,0.6404837666666666,Other Physicians,0.6519568084761865,0.6456055680597106
3100,29-1060;29-1071,0.6353500222222221,0.6404837666666666,Surgeons,0.6519568084761865,0.6456055680597106
3110,29-1071,0.0402409,0.1059147,Physician Assistants,0.017897148084495558,0.08640882993440853
3120,29-1081,0.5537257,0.6279185,Podiatrists,0.5649900857436148,0.6324614178052105
3140,29-1181,0.6955392,0.6329063,Audiologists,0.7160854332879267,0.6376790064468678
3150,29-1122,0.2657048,0.1151615,Occupational Therapists,0.25811790512945954,0.09608163130007623
3160,29-1123,-0.0588146,-0.3581922,Physical Therapists,-0.08764164193673368,-0.39907953967840937
3200,29-1124,-0.3161771,-0.2189393,Radiation Therapists,-0.36184879698454636,-0.2534112391535588
3210,29-1125,0.4009678,0.2190109,Recreational Therapists,0.40223401533678294,0.20471538764213745
3220,29-1126,-0.1994213,-0.1880507,Respiratory Therapists,-0.23745120311080248,-0.2210995970434706
3230,29-1127,1.343344,1.146267,Speech-Language Pathologists,1.4062897607805387,1.174690305495201
3235,29-1128,0.3066196,-0.0331901,Exercise Physiologists,0.30171062321134884,-0.059104547602786266
3245,29-1129,,,"Therapists, All Other",,
3250,29-1131,-0.0842553,-0.0749958,Veterinarians,-0.11474746337313133,-0.10283624203250187
3255,29-1141,0.2723904,0.2294097,Registered Nurses,0.2652410849081283,0.21559326180847663
3256,29-1151,0.1344116,0.2413191,Nurse Anesthetists,0.11823142264221492,0.22805132952750193
3257,29-1161,0.3052241,0.1966265,Nurse Midwives,0.3002237862212309,0.1812997352121452
3258,29-1171,0.3016596,0.1900572,Nurse Practitioners,0.29642598582619306,0.1744277866449132
3261,29-1199;29-2010,0.11789676666666667,0.2884772666666667,Acupuncturists,0.10063567553678147,0.2773820795097356
3270,29-1199;29-2010,0.11789676666666667,0.2884772666666667,"Healthcare Diagnosing or Treating Practitioners, All Other",0.10063567553678147,0.2773820795097356
3300,29-2010,-0.1625687,0.07723760000000002,Clinical Laboratory Technologists and Technicians,-0.1981865604293123,0.05641057193776221
3310,29-2021,-0.3524675,-0.416508,Dental Hygienists,-0.4005144430656465,-0.46008195671781804
3321,29-2030;29-2041,-0.2781874166666667,-0.26408166666666666,Cardiovascular Technologists and Technicians,-0.32137264763100565,-0.3006333209486452
3322,29-2030;29-2041,-0.2781874166666667,-0.26408166666666666,Diagnostic Medical Sonographers,-0.32137264763100565,-0.3006333209486452
3323,29-2030;29-2041,-0.2781874166666667,-0.26408166666666666,Radiologic Technologists and Technicians,-0.32137264763100565,-0.3006333209486452
3324,29-2030;29-2041,-0.2781874166666667,-0.26408166666666666,Magnetic Resonance Imaging Technologists,-0.32137264763100565,-0.3006333209486452
3330,29-2030;29-2041,-0.2781874166666667,-0.26408166666666666,Nuclear Medicine Technologists and Medical Dosimetrists,-0.32137264763100565,-0.3006333209486452
3401,29-2041;29-2050,-0.21010028749999998,-0.23729679999999997,Emergency Medical Technicians,-0.24882914193703456,-0.272614471738912
3402,29-2041;29-2050,-0.21010028749999998,-0.23729679999999997,Paramedics,-0.24882914193703456,-0.272614471738912
3421,29-2050;29-2061,-0.1599184,-0.2157208875,Pharmacy Technicians,-0.19536279541683682,-0.25004455394080605
3422,29-2050;29-2061,-0.1599184,-0.2157208875,Psychiatric Technicians,-0.19536279541683682,-0.25004455394080605
3423,29-2050;29-2061,-0.1599184,-0.2157208875,Surgical Technologists,-0.19536279541683682,-0.25004455394080605
3424,29-2050;29-2061,-0.1599184,-0.2157208875,Veterinary Technologists and Technicians,-0.19536279541683682,-0.25004455394080605
3430,29-2050;29-2061,-0.1599184,-0.2157208875,Dietetic Technicians and Ophthalmic Medical Technicians,-0.19536279541683682,-0.25004455394080605
3500,29-2061,-0.2979922,-0.5137373,Licensed Practical and Licensed Vocational Nurses,-0.34247367553589325,-0.561790624129562
3515,29-2071,0.5524089,0.5738765,Medical Records Specialists,0.5635870997539428,0.5759296953278762
3520,29-2081,0.0285751,0.1013966,"Opticians, Dispensing",0.005467808808739477,0.08168258043726105
3545,29-2090,0.10119833333333335,0.11587276666666667,Miscellaneous Health Technologists and Technicians,0.08284431161201042,0.09682566612127785
3550,29-9000;31-1010,0.033968477777777735,-0.11822766666666669,Other Healthcare Practitioners and Technical Occupations,0.011214189017754105,-0.14805980682612754
3601,31-1010;31-2010,-0.45229421666666664,-0.8022614333333333,Home Health Aides,-0.5068749267216986,-0.863607104526538
3602,39-9021,-0.2060442,-0.5737774,Personal Care Aides,-0.2445075791063969,-0.624596779910462
3603,31-1010;31-2010,-0.45229421666666664,-0.8022614333333333,Nursing Assistants,-0.5068749267216986,-0.863607104526538
3605,31-1010;31-2010,-0.45229421666666664,-0.8022614333333333,Orderlies and Psychiatric Aides,-0.5068749267216986,-0.863607104526538
3610,31-2010,-0.21592139999999999,-0.5444042,Occupational Therapy Assistants and Aides,-0.25503125257023973,-0.5938703524897294
3620,31-2020,-0.43104855,-0.70659,Physical Therapist Assistants and Aides,-0.48423870810491965,-0.7635280749160726
3630,31-9011,-0.6818891,-1.410233,Massage Therapists,-0.7514970444442411,-1.4995880060644178
3640,31-9091,-0.3458537,-0.5268759,Dental Assistants,-0.3934677626749321,-0.575534521264026
3645,31-9092,0.2356488,0.1497917,Medical Assistants,0.2260947072971527,0.13230724944401204
3646,31-9094,1.196181,1.06259,Medical Transcriptionists,1.249494782653184,1.0871582944346205
3647,31-9095,-0.0284926,-0.1552654,Pharmacy Aides,-0.055335034115626194,-0.18680387369984627
3648,31-9096,-0.5899488,-0.7735824,Veterinary Assistants and Laboratory Animal Caretakers,-0.6535391519881047,-0.8336068241276221
3649,31-9097,-0.2526035,-0.2778475,Phlebotomists,-0.2941142358416152,-0.31503334814359063
3655,31-9097;33-1011,-0.3070178,-0.41813765,Other Healthcare Support Workers,-0.3520900108551397,-0.46178668492060826
3700,33-1011,-0.3614321,-0.5584278,First-Line Supervisors of Correctional Officers,-0.4100657858686641,-0.6085400216976259
3710,33-1012,-0.1961966,-0.1923298,First-Line Supervisors of Police and Detectives,-0.23401544299469124,-0.22557583577728432
3720,33-1021,-0.636405,-0.593021,First-Line Supervisors of Firefighting and Prevention Workers,-0.7030359607163855,-0.6447269352464013
3725,33-1099;33-2011,-1.287125,-1.320232,First-Line Supervisors of Security Workers,-1.3963462912140792,-1.4054406474418177
3735,33-1099;33-2011,-1.287125,-1.320232,"First-Line Supervisors of Protective Service Workers, All Other",-1.3963462912140792,-1.4054406474418177
3740,33-2011,-1.287125,-1.320232,Firefighters,-1.3963462912140792,-1.4054406474418177
3750,33-2020,-0.24677234999999997,-0.07580985000000001,Fire Inspectors ,-0.2879014307431372,-0.10368779542953889
3801,33-3010;33-3021,-0.22949643333333336,-0.39069506666666665,Bailiffs,-0.2694947865738827,-0.43307981794564215
3802,33-3010;33-3021,-0.22949643333333336,-0.39069506666666665,Correctional Officers and Jailers,-0.2694947865738827,-0.43307981794564215
3820,33-3021,0.1511265,0.2257696,Detectives and Criminal Investigators,0.13604033099486415,0.2117854618937854
3830,33-3031,-0.5055484,-0.4585168,Fish and Game Wardens,-0.563614654173165,-0.5040261079928604
3840,33-3041,-0.6273561,-0.6239931,Parking Enforcement Workers,-0.693394800386842,-0.6771259242131353
3870,33-3041;33-3051,-0.6337787500000001,-0.6460527,Police Officers,-0.7002378198025216,-0.7002018130618272
3900,33-9011,-0.3902585,-0.5946321,Animal Control Workers,-0.44077890504597345,-0.6464122588481043
3910,33-9021,0.6147625,0.7483108,Private Detectives and Investigators,0.6300218105722993,0.7584002078575395
3930,33-9030,0.004966450000000011,0.1687756,Security Guards and Gambling Surveillance Officers,-0.019686052966070528,0.15216574036473046
3940,33-9091,-0.3971661,-0.5699511,Crossing Guards and Flaggers,-0.4481386149656714,-0.6205942017358012
3945,33-9093,-0.5229555,-0.5068558,Transportation Security Screeners,-0.5821610677673474,-0.554592092464787
3946,33-9093;35-1011,-0.3474932,-0.38724954999999994,School Bus Monitors,-0.395214569729965,-0.4294755658455897
3960,33-9093;35-1011,-0.3474932,-0.38724954999999994,Other Protective Service Workers,-0.395214569729965,-0.4294755658455897
4000,35-1011,-0.1720309,-0.2676433,Chefs and Head Cooks,-0.20826807169258263,-0.3043590392263926
4010,35-1012,-0.1501443,-0.2575492,First-Line Supervisors of Food Preparation and Serving Workers,-0.1849489699599314,-0.2937999026315505
4020,35-2010,-0.58295214,-0.6942435,Cooks,-0.6460845529947127,-0.7506127699390841
4030,35-2021,-0.9339887,-1.226416,Food Preparation Workers,-1.0200968369730343,-1.3073025312371327
4040,35-3011,-0.4109996,-0.6159883,Bartenders,-0.4628775325599361,-0.6687523419606917
4055,35-3011;35-3021,-0.35969720000000005,-0.5732574500000001,Fast Food and Counter Workers,-0.408217334780054,-0.6240528757414437
4110,35-3031,-0.4693402,-0.9481003,Waiters and Waitresses,-0.5250365881713107,-1.0161647881209452
4120,35-3041,-0.4450331,-0.7270206,"Food Servers, Nonrestaurant",-0.49913856208568175,-0.7848999155075648
4130,35-9011,-1.432733,-1.927078,Dining Room and Cafeteria Attendants and Bartender Helpers,-1.551484492903144,-2.0402441272997125
4140,35-9021,-1.561163,-1.738612,Dishwashers,-1.688320375841764,-1.8430954723940232
4150,35-9031,0.1821651,-0.0565477,"Hosts and Hostesses, Restaurant, Lounge, and Coffee Shop",0.16911044106399636,-0.08353823549251244
4160,35-9099,,,"Food Preparation and Serving Related Workers, All Other",,
4200,37-1011,-0.3668852,-0.5854128,First-Line Supervisors of Housekeeping and Janitorial Workers,-0.415875797184187,-0.636768224411272
4210,37-1012,-0.4855586,-0.5548871,"First-Line Supervisors of Landscaping, Lawn Service, and Groundskeeping Workers",-0.5423165000599015,-0.6048362011547981
4220,37-1012;37-2012,-0.7581858,-1.01777205,Janitors and Building Cleaners,-0.8327874462958568,-1.0890463253606886
4230,37-2012,-1.030813,-1.480657,Maids and Housekeeping Cleaners,-1.123258392531812,-1.5732564495665786
4240,37-2021,-0.7243282,-0.7255374,Pest Control Workers,-0.7967138296160886,-0.7833483842767002
4251,37-3010;39-1010,-0.6257014599999999,-0.68898694,Landscaping and Groundskeeping Workers,-0.6916318624023713,-0.7451140394867423
4252,37-3010;39-1010,-0.6257014599999999,-0.68898694,Tree Trimmers and Pruners,-0.6916318624023713,-0.7451140394867423
4255,37-3010;39-1010,-0.6257014599999999,-0.68898694,Other Grounds Maintenance Workers,-0.6916318624023713,-0.7451140394867423
4330,37-3010;39-1010,-0.6257014599999999,-0.68898694,Supervisors of Personal Care and Service Workers,-0.6916318624023713,-0.7451140394867423
4340,39-2011,-0.7293655,-0.9167759,Animal Trainers,-0.8020808263701703,-0.9833972686440752
4350,39-2021,-0.5279816,-0.8890408,Animal Caretakers,-0.5875161314692692,-0.9543844087188113
4400,39-3010,0.19783445,0.2629292,Gambling Services Workers,0.1858053670339743,0.2506570098485011
4420,39-3031,-0.1112865,-0.2420959,"Ushers, Lobby Attendants, and Ticket Takers",-0.14354788476136165,-0.27763466694525113
4435,39-3090,-0.08190426666666666,-0.4411379,Other Entertainment Attendants and Related Workers,-0.11224255235557472,-0.48584655964599427
4461,39-3090;39-4031,-0.09002537499999999,-0.37844740000000004,"Embalmers, Crematory Operators and Funeral Attendants",-0.12089519604654919,-0.4202678995674383
4465,39-4031,-0.1143887,-0.1903759,"Morticians, Undertakers, and Funeral Arrangers",-0.1468531271194726,-0.22353191933177038
4500,39-5011,-0.5433185,-0.7294621,Barbers,-0.6038568482258004,-0.7874538957530851
4510,39-5012,-0.6155546,-0.6824517,"Hairdressers, Hairstylists, and Cosmetologists",-0.6808208793987541,-0.7382777200684606
4521,39-5090;39-6010,-0.15961105,-0.3350825,Manicurists and Pedicurists,-0.19503532902564175,-0.37490517257625827
4522,39-5090;39-6010,-0.15961105,-0.3350825,Skincare Specialists,-0.19503532902564175,-0.37490517257625827
4525,39-5090;39-6010,-0.15961105,-0.3350825,Other Personal Appearance Workers,-0.19503532902564175,-0.37490517257625827
4530,39-6010,0.07838819999999996,-0.20809149999999993,"Baggage Porters, Bellhops, and Concierges",0.05854123028666337,-0.24206367949459667
4540,39-7010,0.6441448999999999,0.48273944999999996,Tour and Travel Guides,0.6613273205532672,0.4805939487233291
4600,39-9011,-0.1674963,-0.3834794,Childcare Workers,-0.20343667719929082,-0.42553172450926025
4621,39-9030;39-9041,-0.14986953333333336,-0.6271505,Exercise Trainers and Group Fitness Instructors,-0.1846562195166126,-0.6804287860715036
4622,39-9030;39-9041,-0.14986953333333336,-0.6271505,Recreation Workers,-0.1846562195166126,-0.6804287860715036
4640,39-9041,0.7105829,0.4746119,Residential Advisors,0.7321137597861259,0.4720919613612652
4655,39-9099,,,"Personal Care and Service Workers, All Other",,
4700,41-1011,0.2011382,0.0191826,First-Line Supervisors of Retail Sales Workers,0.18932535105841145,-0.004319030009272298
4710,41-1012,1.258639,1.316195,First-Line Supervisors of Non-Retail Sales Workers,1.3160407265648895,1.3524469121553626
4720,41-2010,-0.10566635,-0.14909065,Cashiers,-0.1375598898419699,-0.18034465210614287
4740,41-2021,0.1427099,0.0784367,Counter and Rental Clerks,0.1270728553868194,0.05766491464200281
4750,41-2022,-0.0136432,-0.1184909,Parts Salespersons,-0.03951372476338183,-0.1483351673558411
4760,41-2031,0.3573965,0.0873069,Retail Salespersons,0.3558109264456867,0.06694376599314544
4800,41-3011,1.122101,1.162588,Advertising Sales Agents,1.170566166223277,1.19176321624152
4810,41-3021,1.426945,1.341258,Insurance Sales Agents,1.495362536997556,1.378664568060944
4820,41-3031,1.2599,1.256298,"Securities, Commodities, and Financial Services Sales Agents",1.3173842603839785,1.289790449011421
4830,41-3041,1.278436,1.133598,Travel Agents,1.3371334617088266,1.1614376428982331
4840,41-3099,1.24178,1.302674,"Sales representatives of services, except advertising, insurance, financial services, and travel",1.2980782867107885,1.3383029977995646
4850,41-4010,0.9960456,0.8568333,"Sales Representatives, Wholesale and Manufacturing",1.0362603034328002,0.8719223545683663
4900,41-9010,-0.0846237,-0.49922789999999995,"Models, Demonstrators, and Product Promoters",-0.11513997555310942,-0.5466127740479101
4920,41-9020,1.0246409,1.00731275,Real Estate Brokers and Sales Agents,1.0667271968642005,1.0293344138175038
4930,41-9031,1.025903,1.145416,Sales Engineers,1.0680719026794838,1.1738000998065106
4940,41-9041,1.925633,1.118129,Telemarketers,2.0266902080315394,1.145255983910744
4950,41-9091,1.511458,1.107101,"Door-to-Door Sales Workers, News and Street Vendors, and Related Workers",1.5854070046047475,1.133719922412649
4965,41-9099,,,"Sales and Related Workers, All Other",,
5000,43-1011,1.134282,1.038688,First-Line Supervisors of Office and Administrative Support Workers,1.1835444258983945,1.062155125960966
5010,43-2011,1.244421,0.9832644,"Switchboard Operators, Including Answering Service",1.3008921430281668,1.0041781529789375
5020,43-2021,1.411687,1.019712,Telephone Operators,1.4791058843316878,1.0423048989943493
5040,43-2099,,,"Communications Equipment Operators, All Other",,
5100,43-3011,1.270176,1.271991,Bill and Account Collectors,1.328332835740805,1.306206427710152
5110,43-3021,1.135705,1.333455,Billing and Posting Clerks,1.1850605627933695,1.3705020827626457
5120,43-3031,0.8181121,1.039749,"Bookkeeping, Accounting, and Auditing Clerks",0.8466808626723944,1.0632650063789455
5130,43-3041,0.4955334,0.4026518,Gambling Cage Workers,0.5029890365282519,0.3968166495178616
5140,43-3051,1.155485,1.257632,Payroll and Timekeeping Clerks,1.2061351852688496,1.2911859065774764
5150,43-3061,1.589915,1.487838,Procurement Clerks,1.6689991004368374,1.5319975291047183
5160,43-3071,0.4310685,0.4727723,Tellers,0.4343048388326214,0.47016761073269286
5165,43-3099,,,"Financial Clerks, All Other",,
5200,43-4011,1.026384,1.144877,Brokerage Clerks,1.0685843846517136,1.1732362680013353
5210,43-4021,1.184181,1.149758,Correspondence Clerks,1.2367093696245812,1.1783421363520972
5220,43-4031,1.3362,1.166267,"Court, Municipal, and License Clerks",1.398678178224177,1.1956117082846367
5230,43-4041,1.54555,1.440296,"Credit Authorizers, Checkers, and Clerks",1.6217303630190076,1.4822652625339505
5240,43-4051,1.075894,0.9562519,Customer Service Representatives,1.1213348679055566,0.9759211833364559
5250,43-4061,1.416653,1.226286,"Eligibility Interviewers, Government Programs",1.4843969144233577,1.258395791985594
5260,43-4071,0.2403003,0.2839743,File Clerks,0.2310506530223648,0.27267166054069886
5300,43-4081,0.7106003,0.6063127,"Hotel, Motel, and Resort Desk Clerks",0.7321322986350174,0.6098602355858109
5310,43-4111,1.44861,1.297031,"Interviewers, Except Eligibility and Loan",1.5184455347696124,1.3324000240025253
5320,43-4121,0.2762258,0.2038919,"Library Assistants, Clerical",0.26932751600228694,0.1888998532034635
5330,43-4131,1.274213,1.364395,Loan Interviewers and Clerks,1.3326340617738444,1.4028674928779026
5340,43-4141,1.200969,1.174998,New Accounts Clerks,1.2545961624515964,1.204744946672365
5350,43-4151,0.761112,0.8388861,Order Clerks,0.7859500442414231,0.8531483245612382
5360,43-4161,1.480714,1.353098,"Human Resources Assistants, Except Payroll and Timekeeping",1.5526507764254676,1.3910500385122897
5400,43-4171,1.032934,1.013186,Receptionists and Information Clerks,1.0755630892631591,1.0354782452641564
5410,43-4181,0.4228141,0.227312,Reservation and Transportation Ticket Agents and Travel Clerks,0.42551017939067987,0.21339892047690667
5420,43-4199,,,"Information and Record Clerks, All Other",,
5500,43-5011,1.254537,1.405415,Cargo and Freight Agents,1.3116702462112788,1.4457772899990353
5510,43-5021,-0.92241,-0.9591126,Couriers and Messengers,-1.0077602984868441,-1.0276844263178502
5521,43-5030;43-5041,0.2918117666666667,0.38986366666666666,Public Safety Telecommunicators,0.28593360110923416,0.3834393650982778
5522,43-5030;43-5041,0.2918117666666667,0.38986366666666666,"Dispatchers, Except Police, Fire, and Ambulance",0.28593360110923416,0.3834393650982778
5530,43-5041,-1.027005,-0.9723772,"Meter Readers, Utilities",-1.1192011547974021,-1.0415601282898879
5540,43-5051,-0.283523,-0.5186997,Postal Service Clerks,-0.32705745068643854,-0.5669816425896769
5550,43-5052,-0.9672173,-1.064715,Postal Service Mail Carriers,-1.0555002849198865,-1.1381519436144056
5560,43-5053,-1.007248,-1.185001,"Postal Service Mail Sorters, Processors, and Processing Machine Operators",-1.0981510376968935,-1.2639795364109085
5600,43-5061,0.6614221,0.6999103,"Production, Planning, and Expediting Clerks",0.6797353320514151,0.7077698900720353
5610,43-5071,-0.7375154,-0.7463213,"Shipping, Receiving, and Inventory Clerks",-0.8107641461736544,-0.8050898014484678
5630,43-5111,-0.3528867,-0.1860789,"Weighers, Measurers, Checkers, and Samplers, Recordkeeping",-0.4009610801607791,-0.21903695594246014
5710,43-6010;43-9011,1.0430803599999998,1.0230547799999998,Executive Secretaries and Executive Administrative Assistants,1.0863735395412333,1.0458016813351727
5720,43-6010;43-9011,1.0430803599999998,1.0230547799999998,Legal Secretaries and Administrative Assistants,1.0863735395412333,1.0458016813351727
5730,43-6010;43-9011,1.0430803599999998,1.0230547799999998,Medical Secretaries and Administrative Assistants,1.0863735395412333,1.0458016813351727
5740,43-6010;43-9011,1.0430803599999998,1.0230547799999998,"Secretaries and Administrative Assistants, Except Legal, Medical, and Executive",1.0863735395412333,1.0458016813351727
5810,43-9021,0.1723307,0.3108081,Data Entry Keyers,0.1586323689066222,0.3007416974492567
5820,43-9022,0.5072381,0.6219606,Word Processors and Typists,0.5154598218512424,0.6262290365212515
5830,43-9031,-0.0650455,0.3437743,Desktop Publishers,-0.09428036110672705,0.3352266548811116
5840,43-9041,1.257163,1.240201,Insurance Claims and Policy Processing Clerks,1.3144681207623714,1.272951857976344
5850,43-9051,-0.7109466,-0.8184676,"Mail Clerks and Mail Machine Operators, Except Postal Service",-0.7824563893674595,-0.880559891551841
5860,43-9061,0.9108539,0.9888986,"Office Clerks, General",0.9454927141737328,1.0100719213587495
5900,43-9071,-0.5773576,-0.5171404,"Office Machine Operators, Except Computer",-0.6401238442776261,-0.5653505054211985
5910,43-9081,1.436193,1.288375,Proofreaders and Copy Markers,1.505215828638266,1.3233452408752575
5920,43-9111,1.052958,1.389965,Statistical Assistants,1.0968976818035543,1.429615506344196
5940,43-9199,,,"Office and Administrative Support Workers, All Other",,
6005,45-1011,-0.5575955,-0.4791843,"First-Line Supervisors of Farming, Fishing, and Forestry Workers",-0.6190682933765804,-0.5256457626003935
6010,45-2011,-0.0081121,0.1704867,Agricultural Inspectors,-0.033620608263173146,0.15395567098038063
6020,45-2021,-0.9411108,-1.044292,Animal Breeders,-1.0276850861506186,-1.1167880531559733
6040,45-2041,-1.03238,-1.370968,"Graders and Sorters, Agricultural Products",-1.1249279543831305,-1.4585140620380581
6050,45-2090,-1.2537653333333332,-1.284979,Miscellaneous Agricultural Workers,-1.3608031981449256,-1.3685635368150189
6115,45-2090;45-3011,-1.3181915000000002,-1.3420465,Fishing and Hunting Workers,-1.429446127368503,-1.4282601444993248
6120,45-4011,-0.9999521,-1.064205,Forest and Conservation Workers,-1.0903776131206118,-1.137618447843275
6130,45-4020,-1.2832062333333332,-1.0919798333333335,Logging Workers,-1.3921710370144078,-1.1666728716220807
6200,47-1011,-0.3598737,-0.3054048,First-Line Supervisors of Construction Trades and Extraction Workers,-0.40840538689668293,-0.34386021679805645
6210,47-2011,-1.121584,-1.097532,Boilermakers,-1.2199704530334197,-1.172480827381451
6220,47-2020,-1.5450285,-1.7345495,"Brickmasons, Blockmasons, and Stonemasons",-1.6711298552992646,-1.838845812452419
6230,47-2031,-1.245253,-1.323631,Carpenters,-1.3517337233529416,-1.4089962398458822
6240,47-2040,-1.3085247500000001,-1.45993825,"Carpet, Floor, and Tile Installers and Finishers",-1.4191466780856492,-1.5515831838643976
6250,47-2050,-1.681285,-1.776736,"Cement Masons, Concrete Finishers, and Terrazzo Workers",-1.8163044911602477,-1.8829758503912455
6260,47-2061,-1.404981,-1.622988,Construction Laborers,-1.5219160943723289,-1.7221446585877376
6305,47-2061;47-2071,-1.354052,-1.4038635,Construction Equipment Operators,-1.4676537360278534,-1.4929250623110522
6330,47-2080,-1.4203445000000001,-1.5943725,"Drywall Installers, Ceiling Tile Installers, and Tapers",-1.5382851521277403,-1.6922108385116825
6355,47-2111,-0.9164291,-0.7796905,Electricians,-1.00138794208828,-0.8399963251465297
6360,47-2121,-1.267038,-1.388901,Glaziers,-1.3749445752552842,-1.4772732378492057
6400,47-2130,-1.294783,-1.4436935000000002,Insulation Workers,-1.4045055156284991,-1.5345900359662137
6410,47-2130;47-2141,-1.323416,-1.4917923333333334,Painters and Paperhangers,-1.4350125765658306,-1.5849047892596437
6441,47-2150;47-2161,-1.2928370000000002,-1.3674726666666668,Pipelayers,-1.4024321478156943,-1.4548576982105579
6442,47-2150;47-2161,-1.2928370000000002,-1.3674726666666668,"Plumbers, Pipefitters, and Steamfitters",-1.4024321478156943,-1.4548576982105579
6460,47-2161,-1.577907,-1.755588,Plasterers and Stucco Masons,-1.7061602888210075,-1.8608535590816961
6500,47-2171,-1.781242,-1.970997,Reinforcing Iron and Rebar Workers,-1.9228037853352509,-2.086186481755174
6515,47-2181,-1.553439,-1.752941,Roofers,-1.6800908316556866,-1.8580846114225145
6520,47-2211,-1.244711,-1.174972,Sheet Metal Workers,-1.351156248864483,-1.253488498982146
6530,47-2221,-1.700957,-1.780065,Structural Iron and Steel Workers,-1.8372640449184705,-1.8864582178855471
6540,47-2231,-1.036982,-0.9441692,Solar Photovoltaic Installers,-1.1298311602795996,-1.0120525817956676
6600,47-3010,-1.579662,-1.749400666666667,"Helpers, Construction Trades",-1.7080301554764403,-1.8543811744387382
6660,47-4011,0.0676731,0.2860245,Construction and Building Inspectors,0.04712481535809838,0.2748163135406439
6700,47-4021,-0.9278526,-0.8604742,Elevator and Escalator Installers and Repairers,-1.013559122565967,-0.9245017414725765
6710,47-4031,-1.675288,-1.902113,Fence Erectors,-1.809914980999204,-2.0141289862677993
6720,47-4041,-0.7441202,-0.6887439,Hazardous Materials Removal Workers,-0.8178012375045973,-0.744859802600045
6730,47-4051,-1.281572,-1.27909,Highway Maintenance Workers,-1.3904298413350933,-1.3624032297636695
6740,47-4061,-1.496825,-1.39906,Rail-Track Laying and Maintenance Equipment Operators,-1.6197713838889107,-1.4879002643960995
6750,47-4071,-1.260409,-1.210591,Septic Tank Servicers and Sewer Pipe Cleaners,-1.3678817000080667,-1.2907484712799917
6765,47-4090,-0.9102650999999999,-0.92778715,Miscellaneous Construction and Related Workers,-0.9948205015959212,-0.9949158084673339
6800,47-5010,-1.1130537333333335,-1.0535502,"Derrick, Rotary Drill, and Service Unit Operators, Oil and Gas  ",-1.2108818711519653,-1.126472779721231
6821,53-7011;53-7021,-1.09860775,-0.8930311,"Excavating and Loading Machine and Dragline Operators, Surface Mining",-1.195490382525217,-0.9585585423963454
6825,47-5021,-0.9993442,-0.7018391,"Earth Drillers, Except Oil and Gas",-1.0897299254056043,-0.758558300290456
6835,47-5031,-0.9547396,-0.773027,"Explosives Workers, Ordnance Handling Experts, and Blasters",-1.042205905907637,-0.8330258367721595
6850,47-5031;47-5040,-1.1975065333333335,-1.0463146666666667,Underground Mining Machine Operators,-1.3008621986037965,-1.1189039043580782
6920,47-5071,-1.500306,-1.518977,"Roustabouts, Oil and Gas",-1.623480219118291,-1.6133418573111376
6950,47-5081;49-1011,-0.8433085,-0.78183545,Other Extraction Workers,-0.9234815194300098,-0.8422400932921896
7000,49-1011,-0.114278,-0.0205169,"First-Line Supervisors of Mechanics, Installers, and Repairers",-0.14673518168428376,-0.04584749151123244
7010,49-2011,-0.4540974,-0.3458247,"Computer, Automated Teller, and Office Machine Repairers",-0.5087961303619454,-0.386142267228492
7020,49-2020,-0.8409136500000001,-0.7432931,Radio and Telecommunications Equipment Installers and Repairers,-0.9209299238973807,-0.8019220918521194
7030,49-2091,-0.2635513,-0.1728535,Avionics Technicians,-0.3057785812378265,-0.20520225991989
7040,49-2092,-0.9800403,-0.8106341,"Electric Motor, Power Tool, and Related Repairers",-1.0691625641920341,-0.8723655011142888
7050,49-2093,-0.910105,-0.8303875,"Electrical and Electronics Installers and Repairers, Transportation Equipment",-0.994649922877098,-0.8930289430073307
7100,49-2093;49-2096,-0.8898415500000001,-0.8109921499999999,"Electrical and Electronics Repairers, Industrial and Utility ",-0.9730602080742281,-0.8727400465277266
7110,49-2096,-0.8695781,-0.7915968,"Electronic Equipment Installers and Repairers, Motor Vehicles",-0.9514704932713581,-0.8524511500481226
7120,49-2097,-0.7303536,-0.571284,Audiovisual Equipment Installers and Repairers,-0.8031335985879673,-0.6219885086247031
7130,49-2098,-0.6848876,-0.6926484,Security and Fire Alarm Systems Installers,-0.7546917995247632,-0.7489441834596127
7140,49-3011,-0.8144518,-0.6551197,Aircraft Mechanics and Service Technicians,-0.8927361170848032,-0.7096865310164178
7150,49-3021,-1.199119,-1.180589,Automotive Body and Related Repairers,-1.3025802029644786,-1.2593642749555594
7160,49-3022,-1.234898,-1.202285,Automotive Glass Installers and Repairers,-1.3407009773603433,-1.282059812701539
7200,49-3023,-1.031144,-0.9547055,Automotive Service Technicians and Mechanics,-1.1236110568411843,-1.023074290606184
7210,49-3031,-1.058387,-1.010472,Bus and Truck Mechanics and Diesel Engine Specialists,-1.1526371407693694,-1.0814099610390375
7220,49-3040,-1.3274543333333335,-1.2749823333333334,Heavy Vehicle and Mobile Equipment Service Technicians and Mechanics,-1.4393152232003177,-1.358106322320766
7240,49-3050,-0.8549823666666666,-0.848074,Small Engine Mechanics,-0.9359194533445239,-0.9115302625290985
7260,49-3090,-1.0383532666666666,-1.1325786666666666,"Miscellaneous Vehicle and Mobile Equipment Mechanics, Installers, and Repairers",-1.1312921778384069,-1.2091420988694723
7300,49-9010,-1.03124345,-1.07192165,Control and Valve Installers and Repairers,-1.123717015951659,-1.1456906049850297
7315,49-9021,-0.8960592,-0.8491117,"Heating, Air Conditioning, and Refrigeration Mechanics and Installers",-0.9796848100173355,-0.9126157695128284
7320,49-9031,-0.9281666,-0.9703799,Home Appliance Repairers,-1.013893674206882,-1.0394708124003207
7330,49-9031;49-9071,-0.9988583,-0.99239395,Industrial and Refractory Machinery Mechanics,-1.0892122227230545,-1.0624990527541596
7340,49-9071,-1.06955,-1.014408,"Maintenance and Repair Workers, General",-1.1645307712392272,-1.0855272931079984
7350,49-9043,-1.015195,-0.9735492,"Maintenance Workers, Machinery",-1.1066181774750858,-1.0427861224933486
7360,49-9044,-1.283911,-1.266085,Millwrights,-1.392921931424585,-1.3487990875998388
7410,49-9051,-1.118984,-1.081398,Electrical Power-Line Installers and Repairers,-1.2172002802105557,-1.1556035317512134
7420,49-9052,-1.054143,-1.083883,Telecommunications Line Installers and Repairers,-1.148115366361587,-1.1582030160478007
7430,49-9060,-0.5250364999999999,-0.24131707500000002,Precision Instrument and Equipment Repairers,-0.5843782714767242,-0.27681996136887704
7440,49-9081,-0.9838256,-0.9709935,Wind Turbine Service Technicians,-1.0731956161867982,-1.0401126810379007
7510,49-9091,-0.8515025,-0.7233995,"Coin, Vending, and Amusement Machine Servicers and Repairers",-0.9322118256263741,-0.7811119909255234
7520,49-9092,-1.08214,-1.102728,Commercial Divers,-1.177944800408403,-1.1779162078261465
7540,49-9094,-0.9909422,-0.8657498,Locksmiths and Safe Repairers,-1.080778005383411,-0.9300203891003739
7550,49-9095,-1.439807,-1.414062,Manufactured Building and Mobile Home Installers,-1.5590214938835052,-1.5035934086284553
7560,49-9096,-1.277513,-1.221519,Riggers,-1.3861051753781684,-1.3021799257641393
7610,49-9098,-1.320576,-1.346555,"Helpers--Installation, Maintenance, and Repair Workers",-1.4319866954823948,-1.4329763517231333
7640,49-9098;51-1011,-0.67879935,-0.7155416,"Other Installation, Maintenance, and Repair Workers",-0.7482050669521474,-0.7728920763765681
7700,51-1011,-0.0370227,-0.0845282,First-Line Supervisors of Production and Operating Workers,-0.06442343842189982,-0.11280780103000272
7710,51-2011,-0.9270664,-0.8684706,"Aircraft Structure, Surfaces, Rigging, and Systems Assemblers",-1.0127214649223764,-0.9328665367358487
7720,51-2020,-0.7576342666666666,-0.6505268333333333,"Electrical, Electronics, and Electromechanical Assemblers",-0.8321998145070476,-0.7048820703418425
7730,51-2031,-1.044632,-0.9561453,Engine and Other Machine Assemblers,-1.1379818610853338,-1.0245804223929955
7740,51-2041,-1.077573,-1.076307,Structural Metal Fabricators and Fitters,-1.1730788852999336,-1.1502779886711623
7750,51-2090,-0.9146059333333333,-0.7674464000000002,Other Assemblers and Fabricators,-0.9994454471838372,-0.8271881377518234
7800,51-3011,-0.4742939,-0.3852989,Bakers,-0.5303145132146264,-0.42743504912802915
7810,51-3020,-1.1818073333333334,-1.3037634666666664,"Butchers and Other Meat, Poultry, and Fish Processing Workers",-1.28413546891891,-1.3882134064809217
7830,51-3091,-0.7900841,-0.758859,"Food and Tobacco Roasting, Baking, and Drying Machine Operators and Tenders",-0.8667735246633798,-0.8182051150361231
7840,51-3092,-0.4268211,-0.3791114,Food Batchmakers,-0.47973456691260574,-0.4209624901400475
7850,51-3093,-0.6185341,-0.5559894,Food Cooking Machine Operators and Tenders,-0.6839953909086476,-0.6059892842695379
7855,51-3099,,,"Food Processing Workers, All Other",,
7905,51-4010,-0.61468585,-0.34896340000000003,Computer numerically controlled tool operators and programmers,-0.6798952687680376,-0.38942556757525215
7925,51-4010;51-4021,-0.8513822333333335,-0.6440929333333333,"Forming Machine Setters, Operators, and Tenders, Metal and Plastic",-0.9320836873757986,-0.6981517596714949
7950,51-4031,-1.149575,-1.036569,"Cutting, Punching, and Press Machine Setters, Operators, and Tenders, Metal and Plastic",-1.2497934943737212,-1.1087092534688328
8000,51-4033,-1.194061,-0.9901662,"Grinding, Lapping, Polishing, and Buffing Machine Tool Setters, Operators, and Tenders, Metal and Plastic",-1.2971911513729226,-1.0601686700009514
8025,51-4032;51-4033,-1.04044125,-0.8749897,"Other Machine Tool Setters, Operators, and Tenders, Metal and Plastic",-1.1335168219478657,-0.9396859725820792
8030,51-4041,-0.9782187,-0.8675535,Machinists,-1.0672217384942924,-0.9319071858109391
8040,51-4050,-1.223425,-1.0883025,"Metal Furnace Operators, Tenders, Pourers, and Casters",-1.3284770570539133,-1.1628261230291963
8060,51-4060,-0.8280533,-0.6776654,"Model Makers and Patternmakers, Metal and Plastic",-0.9072278500271815,-0.7332709145599068
8100,51-4070,-1.374936,-1.443244,"Molders and Molding Machine Setters, Operators, and Tenders, Metal and Plastic",-1.4899046165019647,-1.5341198274385208
8130,51-4111,-0.6871514,-0.5317897,Tool and Die Makers,-0.757103767692609,-0.5806747007153625
8140,51-4120,-1.1728265,-1.1000035000000001,"Welding, Soldering, and Brazing Workers",-1.2745668302932673,-1.1750661897311558
8225,51-4081;51-4120,-1.0635097333333332,-0.980889,Other Metal Workers and Plastic Workers,-1.1580951625612075,-1.0504640681030437
8250,51-5111,-0.0014732,0.4107973,Prepress Technicians and Workers,-0.0265471850502073,0.40533741383892896
8255,51-5112,-0.84434,-0.7093881,Printing Press Operators,-0.9245805322249268,-0.7664550837733284
8256,51-5113,-0.9139293,-0.9062089,Print Binding and Finishing Workers,-0.9987245274642049,-0.9723434454802767
8300,51-6011,-0.8894878,-1.054399,Laundry and Dry-Cleaning Workers,-0.9726833047526557,-1.1273606840556147
8310,51-6021,-1.853906,-1.950063,"Pressers, Textile, Garment, and Related Materials",-2.000223723027783,-2.0642880494554716
8320,51-6031,-1.272624,-0.9639661,Sewing Machine Operators,-1.3808961850200985,-1.0327615277397766
8335,51-6031;51-6041,-1.1398030000000001,-0.9774390500000001,Shoe and Leather Workers,-1.2393819063640958,-1.046855178425373
8350,51-6050,-0.8129498000000001,-0.5146242999999999,"Tailors, Dressmakers, and Sewers",-0.8911358095540566,-0.5627184883432735
8365,51-6050;51-6061,-0.8496215,-0.6300599333333333,"Textile Machine Setters, Operators, and Tenders",-0.9302077121341406,-0.6834722574042874
8450,51-6093,-1.405178,-1.313735,Upholsterers,-1.522125988236215,-1.3986443297456697
8465,51-6091;51-6093,-1.16449135,-1.08671375,"Other Textile, Apparel, and Furnishings Workers",-1.2656861356761544,-1.1611641790951104
8500,51-7011,-1.326847,-1.327489,Cabinetmakers and Bench Carpenters,-1.4386681392409255,-1.4130319784439642
8510,51-7021,-1.238141,-1.197727,Furniture Finishers,-1.344156235231323,-1.2772918250058265
8530,51-7041,-1.265049,-1.165031,"Sawing Machine Setters, Operators, and Tenders, Wood",-1.3728253930457932,-1.243089515725657
8540,51-7042,-1.203906,-1.130357,"Woodworking Machine Setters, Operators, and Tenders, Except Sawing",-1.3076805173118053,-1.2068180797096124
8555,51-7030;51-7042,-1.0713891666666666,-0.9720469666666668,Other Woodworkers,-1.1664903133610414,-1.0412146810608296
8600,51-8010,0.07476096666666666,0.30782456666666663,"Power Plant Operators, Distributors, and Dispatchers",0.05467659059351492,0.297620712319138
8610,51-8021,-0.579769,-0.5032496,Stationary Engineers and Boiler Operators,-0.6426930730257239,-0.5508197543278238
8620,51-8031,-0.5590585,-0.44501,Water and Wastewater Treatment Plant and System Operators,-0.6206270483149843,-0.4898970478330429
8630,51-8090,-0.6489368249999999,-0.430402775,Miscellaneous Plant and System Operators,-0.7163880072686495,-0.47461686593999713
8640,51-9010,-0.8631927500000001,-0.72471755,"Chemical Processing Machine Setters, Operators, and Tenders",-0.9446672151811759,-0.7824907636728543
8650,51-9020,-1.0987346666666664,-1.0032213333333335,"Crushing, Grinding, Polishing, Mixing, and Blending Workers",-1.1956256060255124,-1.0738252551477743
8710,51-9030,-1.0722918,-1.01363295,Cutting Workers,-1.1674520250260456,-1.0847165364464009
8720,51-9041,-1.137883,-1.042151,"Extruding, Forming, Pressing, and Compacting Machine Setters, Operators, and Tenders",-1.2373362402795194,-1.1145484169873643
8730,51-9051,-0.846812,-0.9582346,"Furnace, Kiln, Oven, Drier, and Kettle Operators and Tenders",-0.9272143273088189,-1.026765976735394
8740,51-9061,-0.1556781,-0.0293395,"Inspectors, Testers, Sorters, Samplers, and Weighers",-0.1908449631780715,-0.055076549923736215
8750,51-9071,-0.6366536,-0.1560197,Jewelers and Precious Stone and Metal Workers,-0.7033008318562948,-0.18759292440604985
8760,51-9080,-0.6346862333333334,-0.3634363666666667,Dental and Ophthalmic Laboratory Technicians and Medical Appliance Technicians,-0.7012046989052917,-0.40456530583482264
8800,51-9111,-1.010728,-0.978608,Packaging and Filling Machine Operators and Tenders,-1.1018588074751885,-1.0480779821149087
8810,51-9120,-1.2659553666666665,-1.1798142333333335,Painting Workers,-1.3737910823948505,-1.2585538146805013
8830,51-9151,-0.4977627,-0.3615806,Photographic Process Workers and Processing Machine Operators,-0.555319371655099,-0.4026240437389956
8850,51-9191,-1.285473,-1.311418,Adhesive Bonding Machine Operators and Tenders,-1.394586166020475,-1.3962205852325134
8865,51-9192;51-9198,-1.2397925,-1.2765944999999999,Other Production Equipment Operators and Tenders,-1.3459158276993846,-1.3597927617306176
8910,51-9194,-0.774569,-0.6395226,Etchers and Engravers,-0.8502429445233737,-0.6933708704440625
8920,51-9195,-1.241238,-1.183408,"Molders, Shapers, and Casters, Except Metal and Plastic",-1.3474559372437884,-1.26231314667873
8930,51-9196,-0.9174437,-0.8740445,"Paper Goods Machine Setters, Operators, and Tenders",-1.0024689487598484,-0.9386972270862505
8940,51-9197,-1.462842,-1.610915,Tire Builders,-1.5835641596429937,-1.7095154537938948
8950,51-9198,-1.35537,-1.411304,Helpers--Production Workers,-1.469058000558828,-1.5007083471837919
8990,51-9141;51-9193,-0.8720734,-0.7988632,Other Production Workers,-0.9541291133655475,-0.8600523141095804
9005,53-1000,-0.18163360000000003,-0.14884416666666664,Supervisors of Transportation and Material Moving Workers,-0.21849927883339623,-0.18008681325126538
9030,53-2010,-0.7014266,-0.1943979,Aircraft Pilots and Flight Engineers,-0.7723132950314348,-0.22773921343272593
9040,53-2020,0.44670265,0.8186859,Air Traffic Controllers and Airfield Operations Specialists,0.45096226092438196,0.8320174985298803
9050,53-2031,-0.3649124,-0.7621183,Flight Attendants,-0.4137738752822847,-0.8216145714417036
9110,53-3011,-0.8443602,-0.8298703,"Ambulance Drivers and Attendants, Except Emergency Medical Technicians",-0.9246020543368583,-0.8924879155311959
9121,53-3020;53-3030,-1.02030812,-0.78040486,"Bus Drivers, School",-1.1120659567304865,-0.8407435958113627
9122,53-3020;53-3030,-1.02030812,-0.78040486,"Bus Drivers, Transit and Intercity",-1.1120659567304865,-0.8407435958113627
9130,53-3030,-1.1076215333333332,-0.9996222333333332,Driver/Sales Workers and Truck Drivers,-1.2050941277641338,-1.0700603441088012
9141,53-3041;53-3099,-0.9380351,-0.6322603,Shuttle Drivers and Chauffeurs,-1.0244080782462792,-0.6857739952701765
9142,53-3041;53-3099,-0.9380351,-0.6322603,Taxi Drivers,-1.0244080782462792,-0.6857739952701765
9150,53-3099,,,"Motor Vehicle Operators, All Other",,
9210,53-4010,-1.0034146333333334,-0.7003006666666666,Locomotive Engineers and Operators,-1.0940667730199427,-0.7569489911188878
9240,53-4031,-0.5790616,-0.4662731,Railroad Conductors and Yardmasters,-0.6419393729276877,-0.5121397418156454
9265,53-4021;53-4031,-0.9425802999999999,-0.84196005,Other Rail Transportation Workers,-1.0292507665210795,-0.9051346419998749
9300,53-5011,-1.269228,-1.150001,Sailors and Marine Oilers,-1.377277913133004,-1.2273670815293962
9310,53-5020,-0.98477405,-0.6576527,Ship and Boat Captains and Operators,-1.0742061432690464,-0.7123362266796999
9330,53-5031,-0.5671973,-0.5264951,Ship Engineers ,-0.6292985416114169,-0.5751361777549152
9350,53-6021,-1.037648,-0.8353891,Parking Attendants,-1.130540750702687,-0.8982609674169129
9365,53-6031,-1.108146,-1.221489,Transportation Service Attendants,-1.2056529213435563,-1.3021485436599551
9410,53-6051,-0.3175816,-0.18376,Transportation Inspectors,-0.3633452230344358,-0.216611223896039
9415,53-6061,-0.1178739,-0.3752249,Passenger Attendants,-0.15056643724341312,-0.41689693854299037
9430,53-6011;53-6061,-0.4584359,-0.5037204,Other Transportation Workers,-0.5134185898973281,-0.5513122441494871
9510,53-7021,-1.351634,-1.030619,Crane and Tower Operators,-1.46507747530259,-1.1024851361389756
9570,53-7011;53-7021,-1.09860775,-0.8930311,"Conveyor, Dredge, and Hoist and Winch Operators",-1.195490382525217,-0.9585585423963454
9600,53-7051,-1.575411,-1.39869,Industrial Truck and Tractor Operators,-1.703500922911058,-1.487513218444495
9610,53-7061,-1.535339,-1.629897,Cleaners of Vehicles and Equipment,-1.660806167004211,-1.729371957181348
9620,53-7062,-1.49843,-1.709183,"Laborers and Freight, Stock, and Material Movers, Hand",-1.6214814328814862,-1.8123106742595079
9630,53-7063,-1.013417,-1.037413,Machine Feeders and Offbearers,-1.104723805444681,-1.1095921366665467
9640,53-7064,-1.193372,-1.51362,"Packers and Packagers, Hand",-1.2964570555748638,-1.6077380595739872
9645,43-5081,-0.5232333,-0.7892948,Stockers and Order Fillers,-0.5824570500789596,-0.8500430965870585
9650,53-7070,-0.9812640333333333,-0.8748296333333334,Pumping Station Operators,-1.070466392200662,-0.9395185316217546
9720,53-7081,-1.262763,-1.283373,Refuse and Recyclable Material Collectors,-1.3703897718638445,-1.3668835481710273
9760,53-7081;53-7121,-1.332974,-1.3355665,Other Material Moving Workers,-1.445196158043113,-1.4214816099955478
9800,55-1010,,,Military Officer Special and Tactical Operations Leaders,,
9810,55-2010,,,First-Line Enlisted Military Supervisors,,
9825,55-3010,,,Military Enlisted Tactical Operations and Air/Weapons Specialists and Crew Members,,
9830,55-3010,,,"Military, Rank Not Specified",,
9920,55-3010,,,"Unemployed, with no work experience in the last 5 years or earlier or never worked",,
