meaning_index,sink_index,productive_frac,beautiful_one_frac,aggressor_frac,withdrawn_frac,collapsed_frac,birth_intention,social_trust,post_labor_current,sink_collapsed,variant,post_labor,run_id
0.4279298256522023,0.465,0.16,0.375,0.0,0.31,0.155,0.3039614838772656,0.47635381239633007,0.95,0,ubi_pure,0.95,0
0.43730533175224484,0.495,0.165,0.34,0.005,0.385,0.105,0.3166198996305709,0.49245747953924224,0.95,0,ubi_pure,0.95,1
0.40679898817644117,0.525,0.09,0.385,0.015,0.335,0.175,0.28343879274424943,0.47452905273064405,0.95,0,ubi_pure,0.95,2
0.40843970566265553,0.555,0.125,0.32,0.02,0.395,0.14,0.2882875327997024,0.4771625293170096,0.95,0,ubi_pure,0.95,3
0.39294355349150295,0.625,0.1,0.275,0.02,0.415,0.19,0.27354913926477326,0.4588704609338673,0.95,0,ubi_pure,0.95,4
0.41464073286559694,0.515,0.125,0.36,0.02,0.355,0.14,0.29304816058130406,0.4620014498762224,0.95,0,ubi_pure,0.95,5
0.41387516727173934,0.5,0.155,0.345,0.02,0.295,0.185,0.2909430700142728,0.4633745515332609,0.95,0,ubi_pure,0.95,6
0.4133309853407238,0.54,0.125,0.335,0.005,0.365,0.17,0.2963261357393453,0.48419064825768643,0.95,0,ubi_pure,0.95,7
0.41709524776861945,0.495,0.105,0.4,0.01,0.34,0.145,0.28593439340323046,0.44973931712834386,0.95,0,ubi_pure,0.95,8
0.43376065126381547,0.495,0.175,0.33,0.005,0.375,0.115,0.3112255351842615,0.4936685881940507,0.95,0,ubi_pure,0.95,9
0.4217142457045857,0.485,0.16,0.355,0.0,0.325,0.16,0.3024635707408786,0.474268026047131,0.95,0,ubi_pure,0.95,10
0.4187345732779332,0.51,0.115,0.375,0.005,0.355,0.15,0.2915616844279543,0.45187464929963994,0.95,0,ubi_pure,0.95,11
0.4199822791293987,0.555,0.125,0.32,0.005,0.435,0.115,0.3017373987150958,0.481369903717929,0.95,0,ubi_pure,0.95,12
0.43063907956272457,0.42,0.135,0.445,0.005,0.29,0.125,0.3085554916869339,0.4902916740571586,0.95,0,ubi_pure,0.95,13
0.4120128112627108,0.54,0.135,0.325,0.005,0.355,0.18,0.2914034167221164,0.46885424676854137,0.95,0,ubi_pure,0.95,14
0.4117985447913822,0.56,0.105,0.335,0.01,0.42,0.13,0.28935387569361226,0.46426612227045355,0.95,0,ubi_pure,0.95,15
0.41813033772554603,0.515,0.125,0.36,0.0,0.36,0.155,0.30534844762127955,0.5049559176890088,0.95,0,ubi_pure,0.95,16
0.4283225756366583,0.48,0.165,0.355,0.005,0.3,0.175,0.3132833192465914,0.4944343429069163,0.95,0,ubi_pure,0.95,17
0.4264598566307103,0.49,0.125,0.385,0.005,0.38,0.105,0.3091856405377008,0.49429663004564345,0.95,0,ubi_pure,0.95,18
0.4097452698245614,0.57,0.125,0.305,0.01,0.415,0.145,0.290116423065631,0.46673029457425097,0.95,0,ubi_pure,0.95,19
0.4065204848096671,0.54,0.125,0.335,0.01,0.34,0.19,0.2803718112796682,0.4551215583229626,0.95,0,ubi_pure,0.95,20
0.40591055406306353,0.56,0.075,0.365,0.005,0.42,0.135,0.27550135710267315,0.45246036479905155,0.95,0,ubi_pure,0.95,21
0.41863764392004355,0.525,0.125,0.35,0.005,0.355,0.165,0.29771866347813325,0.4787746201452437,0.95,0,ubi_pure,0.95,22
0.40665189693238335,0.57,0.09,0.34,0.0,0.42,0.15,0.2797711555801796,0.45252218945315564,0.95,0,ubi_pure,0.95,23
0.40384816212783003,0.575,0.12,0.305,0.0,0.38,0.195,0.28324054767126594,0.4613810024001637,0.95,0,ubi_pure,0.95,24
0.4145327779840747,0.54,0.14,0.32,0.0,0.36,0.18,0.2927282553654582,0.4816500279908621,0.95,0,ubi_pure,0.95,25
0.4232710535921123,0.52,0.13,0.35,0.0,0.375,0.145,0.3051675307550678,0.4863995490283303,0.95,0,ubi_pure,0.95,26
0.4184418761060772,0.525,0.135,0.34,0.005,0.375,0.145,0.3003288188606231,0.46833468181118304,0.95,0,ubi_pure,0.95,27
0.41353712713117075,0.555,0.1,0.345,0.005,0.395,0.155,0.2900313412506662,0.4685338164882101,0.95,0,ubi_pure,0.95,28
0.42475078007952144,0.495,0.155,0.35,0.01,0.34,0.145,0.2968273221732677,0.4710917123496687,0.95,0,ubi_pure,0.95,29
0.4304461256252582,0.445,0.14,0.415,0.005,0.31,0.13,0.30351320003181254,0.48232987412605277,0.95,0,ubi_pure,0.95,30
0.41407072973189946,0.535,0.125,0.34,0.005,0.385,0.145,0.2954457840553342,0.4890321904791189,0.95,0,ubi_pure,0.95,31
0.42593370016607834,0.465,0.17,0.365,0.015,0.295,0.155,0.3039688270643836,0.4811677496787742,0.95,0,ubi_pure,0.95,32
0.4163549788906721,0.54,0.125,0.335,0.01,0.385,0.145,0.2904227524485598,0.45207508718489353,0.95,0,ubi_pure,0.95,33
0.42392371946032503,0.52,0.135,0.345,0.01,0.395,0.115,0.30524871321196856,0.49845158722431776,0.95,0,ubi_pure,0.95,34
0.4134370274948185,0.54,0.115,0.345,0.015,0.395,0.13,0.29405127504010875,0.4721724837505029,0.95,0,ubi_pure,0.95,35
0.42642667340428536,0.48,0.14,0.38,0.005,0.35,0.125,0.3025934216051329,0.4928558760464118,0.95,0,ubi_pure,0.95,36
0.4122678252452093,0.53,0.13,0.34,0.0,0.355,0.175,0.28667178285120876,0.4538308680699693,0.95,0,ubi_pure,0.95,37
0.41391126037507175,0.51,0.12,0.37,0.005,0.355,0.15,0.28962479037492533,0.4691559934601437,0.95,0,ubi_pure,0.95,38
0.42011023043704865,0.53,0.16,0.31,0.005,0.35,0.175,0.2984030272796783,0.46592786238866074,0.95,0,ubi_pure,0.95,39
0.40793438429609097,0.58,0.105,0.315,0.01,0.455,0.115,0.28634917497821194,0.4608908643093051,0.95,0,ubi_pure,0.95,40
0.4199392123216711,0.465,0.115,0.42,0.0,0.315,0.15,0.2963923719667481,0.4775000508840707,0.95,0,ubi_pure,0.95,41
0.41619608583054407,0.535,0.12,0.345,0.0,0.36,0.175,0.29648215044371073,0.48494491899068237,0.95,0,ubi_pure,0.95,42
0.41555445692873116,0.535,0.135,0.33,0.02,0.39,0.125,0.28982628216682554,0.46368626734266555,0.95,0,ubi_pure,0.95,43
0.42091614811349937,0.46,0.13,0.41,0.01,0.265,0.185,0.3033579922179307,0.487483309493922,0.95,0,ubi_pure,0.95,44
0.4229365416285411,0.52,0.13,0.35,0.0,0.395,0.125,0.3009636959038313,0.48396353781224677,0.95,0,ubi_pure,0.95,45
0.42709054512232597,0.48,0.17,0.35,0.0,0.33,0.15,0.3051312600701632,0.4724743744884806,0.95,0,ubi_pure,0.95,46
0.4176503547610849,0.495,0.085,0.42,0.005,0.36,0.13,0.3002250344497539,0.48104672797067866,0.95,0,ubi_pure,0.95,47
0.4124693283440125,0.51,0.095,0.395,0.005,0.36,0.145,0.29153028297816214,0.4763390108485702,0.95,0,ubi_pure,0.95,48
0.4269979024005998,0.51,0.12,0.37,0.005,0.395,0.11,0.3108931444700315,0.5034527667341389,0.95,0,ubi_pure,0.95,49
0.4232822998730688,0.47,0.145,0.385,0.005,0.295,0.17,0.29824814777176767,0.4845293090528729,0.95,0,ubi_pure,0.95,50
0.41191202528577925,0.52,0.095,0.385,0.005,0.335,0.18,0.2876407308670395,0.46187237427092126,0.95,0,ubi_pure,0.95,51
0.4158169390210981,0.52,0.145,0.335,0.02,0.32,0.18,0.2960391706394799,0.47783584848299193,0.95,0,ubi_pure,0.95,52
0.43123657349933586,0.495,0.135,0.37,0.005,0.35,0.14,0.30640683995320256,0.4865960423957467,0.95,0,ubi_pure,0.95,53
0.4189595489938162,0.5,0.125,0.375,0.005,0.35,0.145,0.2976860917923498,0.4880800925989716,0.95,0,ubi_pure,0.95,54
0.4013594578847693,0.59,0.08,0.33,0.005,0.42,0.165,0.2774943706960505,0.45175374127338946,0.95,0,ubi_pure,0.95,55
0.40112932012416935,0.61,0.085,0.305,0.005,0.45,0.155,0.28374753205418984,0.46989641493000667,0.95,0,ubi_pure,0.95,56
0.42384526172186265,0.465,0.145,0.39,0.005,0.29,0.17,0.29974382649360326,0.4766179261592916,0.95,0,ubi_pure,0.95,57
0.42051952603962195,0.495,0.13,0.375,0.005,0.36,0.13,0.2909578354890431,0.4630203116673908,0.95,0,ubi_pure,0.95,58
0.41557791475177114,0.53,0.115,0.355,0.005,0.39,0.135,0.29755864175638763,0.4637718811392317,0.95,0,ubi_pure,0.95,59
0.4275860826160367,0.48,0.12,0.4,0.005,0.375,0.1,0.30413069609933946,0.4611871048071081,0.95,0,ubi_pure,0.95,60
0.4052276012583515,0.565,0.12,0.315,0.0,0.365,0.2,0.28281825792480164,0.45296590255441993,0.95,0,ubi_pure,0.95,61
0.41343230057043484,0.51,0.09,0.4,0.005,0.335,0.17,0.2862527105659067,0.4504652990772844,0.95,0,ubi_pure,0.95,62
0.42948849093448294,0.505,0.16,0.335,0.01,0.355,0.14,0.3034979309011612,0.4791483998518021,0.95,0,ubi_pure,0.95,63
0.42319457147847617,0.49,0.135,0.375,0.005,0.365,0.12,0.3007972314746391,0.48319142784312386,0.95,0,ubi_pure,0.95,64
0.4181982182503829,0.53,0.125,0.345,0.005,0.375,0.15,0.29474453622183455,0.47941050642862165,0.95,0,ubi_pure,0.95,65
0.4075132628055087,0.555,0.095,0.35,0.005,0.405,0.145,0.2872072491223483,0.4863700829964735,0.95,0,ubi_pure,0.95,66
0.4056638880176739,0.525,0.075,0.4,0.0,0.325,0.2,0.2791485669593952,0.4471105922193162,0.95,0,ubi_pure,0.95,67
0.43597694661508685,0.495,0.185,0.32,0.005,0.37,0.12,0.30609999775925023,0.4750267942676225,0.95,0,ubi_pure,0.95,68
0.41574572646782776,0.52,0.11,0.37,0.01,0.365,0.145,0.3007054643914301,0.4857658390662363,0.95,0,ubi_pure,0.95,69
0.4046253513110693,0.57,0.12,0.31,0.015,0.355,0.2,0.27932039325319546,0.46509248027955424,0.95,0,ubi_pure,0.95,70
0.40986246302337337,0.54,0.09,0.37,0.01,0.375,0.155,0.28662889141125114,0.47135748835036123,0.95,0,ubi_pure,0.95,71
0.42040674662010047,0.455,0.14,0.405,0.0,0.295,0.16,0.2950016447455319,0.47706559260875364,0.95,0,ubi_pure,0.95,72
0.4161672198040563,0.53,0.12,0.35,0.01,0.405,0.115,0.2927068599365433,0.4671729087025133,0.95,0,ubi_pure,0.95,73
0.4125441056900878,0.565,0.14,0.295,0.005,0.385,0.175,0.2842772240611779,0.46168056795982904,0.95,0,ubi_pure,0.95,74
0.41415387544980264,0.545,0.115,0.34,0.015,0.385,0.145,0.29866332996932754,0.4951292794010749,0.95,0,ubi_pure,0.95,75
0.4131288982289591,0.535,0.095,0.37,0.0,0.39,0.145,0.2958953925107351,0.48262172146236165,0.95,0,ubi_pure,0.95,76
0.410782839487285,0.55,0.115,0.335,0.01,0.39,0.15,0.29079081521862343,0.47238357264121206,0.95,0,ubi_pure,0.95,77
0.4193256237441364,0.51,0.14,0.35,0.015,0.35,0.145,0.29718518455899556,0.48441418023665195,0.95,0,ubi_pure,0.95,78
0.42802327184274547,0.465,0.14,0.395,0.01,0.33,0.125,0.3041535000829389,0.47835798943124247,0.95,0,ubi_pure,0.95,79
0.4196221197619797,0.52,0.14,0.34,0.0,0.395,0.125,0.3011929138558946,0.4863973286657026,0.95,0,ubi_pure,0.95,80
0.3970854386917287,0.585,0.095,0.32,0.02,0.37,0.195,0.2705804669561613,0.4377087835002625,0.95,0,ubi_pure,0.95,81
0.41251784850959455,0.55,0.125,0.325,0.0,0.385,0.165,0.28501862513442133,0.4458971173763571,0.95,0,ubi_pure,0.95,82
0.40525531575547274,0.555,0.08,0.365,0.01,0.39,0.155,0.2815624443243144,0.4556051238408997,0.95,0,ubi_pure,0.95,83
0.4245290343114337,0.475,0.12,0.405,0.0,0.375,0.1,0.3020276366278907,0.487160386223582,0.95,0,ubi_pure,0.95,84
0.4191071424818225,0.49,0.125,0.385,0.0,0.33,0.16,0.29488339920696843,0.4761017940999919,0.95,0,ubi_pure,0.95,85
0.41514048883324345,0.515,0.105,0.38,0.01,0.37,0.135,0.2989053829622999,0.5008929953794996,0.95,0,ubi_pure,0.95,86
0.39871684482317193,0.595,0.055,0.35,0.005,0.46,0.13,0.27468023234072964,0.4674166594108772,0.95,0,ubi_pure,0.95,87
0.42267567301999037,0.495,0.135,0.37,0.0,0.365,0.13,0.30214898699151704,0.48676723545228,0.95,0,ubi_pure,0.95,88
0.4200004743913223,0.49,0.13,0.38,0.005,0.315,0.17,0.30355163750867,0.4878146222818748,0.95,0,ubi_pure,0.95,89
0.41360591728620255,0.555,0.13,0.315,0.01,0.415,0.13,0.28550453532512604,0.4668137263195169,0.95,0,ubi_pure,0.95,90
0.41223498705203726,0.53,0.1,0.37,0.0,0.36,0.17,0.2903664272654094,0.4581186600662619,0.95,0,ubi_pure,0.95,91
0.41729860536588004,0.485,0.135,0.38,0.005,0.325,0.155,0.2960801806303774,0.47795692869353057,0.95,0,ubi_pure,0.95,92
0.4229985959297035,0.49,0.12,0.39,0.0,0.325,0.165,0.3071277896322408,0.4941464154289909,0.95,0,ubi_pure,0.95,93
0.4214326193266654,0.535,0.14,0.325,0.0,0.395,0.14,0.29694239726023053,0.4654020189669211,0.95,0,ubi_pure,0.95,94
0.4086688660681355,0.515,0.13,0.355,0.015,0.3,0.2,0.28551612294364515,0.45878454662923845,0.95,0,ubi_pure,0.95,95
0.41475330823929524,0.525,0.11,0.365,0.01,0.39,0.125,0.28984950472069404,0.4712763297879127,0.95,0,ubi_pure,0.95,96
0.41076976860282033,0.55,0.135,0.315,0.015,0.385,0.15,0.28581376990218865,0.4474616190308873,0.95,0,ubi_pure,0.95,97
0.4117536011684176,0.53,0.12,0.35,0.015,0.355,0.16,0.2851018949214781,0.4589242851004751,0.95,0,ubi_pure,0.95,98
0.4060092022392519,0.53,0.095,0.375,0.02,0.345,0.165,0.2723901186104958,0.45731553644155226,0.95,0,ubi_pure,0.95,99
0.41590896983396475,0.545,0.145,0.31,0.0,0.39,0.155,0.2880770078710198,0.451653930671676,0.95,0,ubi_pure,0.95,100
0.4226754605667564,0.51,0.14,0.35,0.01,0.36,0.14,0.2974947111010259,0.47881194771039104,0.95,0,ubi_pure,0.95,101
0.422703067304836,0.51,0.13,0.36,0.0,0.355,0.155,0.29627725583904496,0.47652353069384923,0.95,0,ubi_pure,0.95,102
0.4126623742447589,0.505,0.115,0.38,0.005,0.345,0.155,0.2874849756388251,0.45995539186101153,0.95,0,ubi_pure,0.95,103
0.4236387413055016,0.49,0.15,0.36,0.0,0.37,0.12,0.29784008011378454,0.4860670001398782,0.95,0,ubi_pure,0.95,104
0.420652292340213,0.495,0.115,0.39,0.01,0.365,0.12,0.29200029627407065,0.47611221367117873,0.95,0,ubi_pure,0.95,105
0.4114786605253105,0.505,0.09,0.405,0.025,0.335,0.145,0.2794682188887865,0.468089928759036,0.95,0,ubi_pure,0.95,106
0.42696891723835717,0.495,0.14,0.365,0.005,0.355,0.135,0.30781501215717755,0.48076603061059897,0.95,0,ubi_pure,0.95,107
0.4332445920592745,0.49,0.16,0.35,0.0,0.355,0.135,0.3108594513452956,0.4898318812947353,0.95,0,ubi_pure,0.95,108
0.4056865658807599,0.56,0.11,0.33,0.0,0.395,0.165,0.2794510196116058,0.43932632847308,0.95,0,ubi_pure,0.95,109
0.4180576996809385,0.495,0.105,0.4,0.0,0.345,0.15,0.2936163315326392,0.4636535859840849,0.95,0,ubi_pure,0.95,110
0.4263935714100357,0.445,0.125,0.43,0.0,0.31,0.135,0.3069076155626883,0.4806227888474456,0.95,0,ubi_pure,0.95,111
0.42111806706458055,0.485,0.15,0.365,0.005,0.35,0.13,0.2940553813532054,0.46464114204155466,0.95,0,ubi_pure,0.95,112
0.40919426443612905,0.52,0.1,0.38,0.015,0.365,0.14,0.2904839435654085,0.4745596856384377,0.95,0,ubi_pure,0.95,113
0.40508164328417534,0.57,0.095,0.335,0.015,0.41,0.145,0.28139660471119193,0.4518077376115379,0.95,0,ubi_pure,0.95,114
0.4221406809770096,0.535,0.155,0.31,0.015,0.36,0.16,0.2980307053661133,0.47243021697043097,0.95,0,ubi_pure,0.95,115
0.4218986449290317,0.485,0.135,0.38,0.005,0.36,0.12,0.2938054370705308,0.4645697579120882,0.95,0,ubi_pure,0.95,116
0.416384430522467,0.505,0.12,0.375,0.01,0.345,0.15,0.300641344626792,0.47106197062570315,0.95,0,ubi_pure,0.95,117
0.441498574831067,0.395,0.14,0.465,0.005,0.3,0.09,0.32098438454049855,0.500449347325385,0.95,0,ubi_pure,0.95,118
0.4134005025271115,0.53,0.095,0.375,0.01,0.365,0.155,0.2895466250747398,0.45986583134881215,0.95,0,ubi_pure,0.95,119
0.42198865059967433,0.485,0.135,0.38,0.0,0.335,0.15,0.3001139344653456,0.48489225176448486,0.95,0,ubi_pure,0.95,120
0.4247459250300993,0.47,0.085,0.445,0.01,0.35,0.11,0.3000672567513279,0.4749222186260143,0.95,0,ubi_pure,0.95,121
0.41537113695778144,0.51,0.145,0.345,0.015,0.32,0.175,0.2942864166284916,0.47810223124617623,0.95,0,ubi_pure,0.95,122
0.4191944094235541,0.53,0.105,0.365,0.0,0.375,0.155,0.2966865810362469,0.48025232647192206,0.95,0,ubi_pure,0.95,123
0.42655141318807055,0.475,0.16,0.365,0.01,0.32,0.145,0.3021303341207648,0.4790825785730492,0.95,0,ubi_pure,0.95,124
0.4155256430742317,0.54,0.14,0.32,0.005,0.385,0.15,0.29276000964997595,0.48519746714594675,0.95,0,ubi_pure,0.95,125
0.4207618810726255,0.5,0.135,0.365,0.01,0.335,0.155,0.29758496254523487,0.47605209641015916,0.95,0,ubi_pure,0.95,126
0.4322971536743808,0.465,0.14,0.395,0.0,0.345,0.12,0.3082079244373629,0.48428917058122695,0.95,0,ubi_pure,0.95,127
0.4163371149501375,0.485,0.125,0.39,0.01,0.305,0.17,0.29756158552934403,0.487035040105401,0.95,0,ubi_pure,0.95,128
0.4221553191437858,0.49,0.15,0.36,0.01,0.32,0.16,0.30193295955935295,0.474121962855062,0.95,0,ubi_pure,0.95,129
0.4124177271398514,0.56,0.12,0.32,0.02,0.405,0.135,0.28730306078610995,0.4532137439973893,0.95,0,ubi_pure,0.95,130
0.41048876726769046,0.52,0.115,0.365,0.005,0.34,0.175,0.28566489731843725,0.47888057988589694,0.95,0,ubi_pure,0.95,131
0.4253473863547886,0.52,0.115,0.365,0.0,0.43,0.09,0.3100692347068563,0.4921328392820334,0.95,0,ubi_pure,0.95,132
0.4282705020644316,0.525,0.16,0.315,0.015,0.38,0.13,0.30369740666300443,0.480836140685037,0.95,0,ubi_pure,0.95,133
0.42447963851632886,0.505,0.165,0.33,0.01,0.335,0.16,0.2998936369634686,0.4798910195698134,0.95,0,ubi_pure,0.95,134
0.4355681537590666,0.43,0.145,0.425,0.005,0.29,0.135,0.30791627215867684,0.49082249494445845,0.95,0,ubi_pure,0.95,135
0.4194479538147611,0.515,0.105,0.38,0.005,0.365,0.145,0.29205700996766515,0.4539768443144605,0.95,0,ubi_pure,0.95,136
0.4137969729304467,0.57,0.1,0.33,0.005,0.43,0.135,0.28592749664693323,0.47315233414723046,0.95,0,ubi_pure,0.95,137
0.4337189943007856,0.45,0.125,0.425,0.005,0.35,0.095,0.3157154220806695,0.5074517391360602,0.95,0,ubi_pure,0.95,138
0.4149921690393588,0.515,0.13,0.355,0.01,0.355,0.15,0.296613200205578,0.48234792554109,0.95,0,ubi_pure,0.95,139
0.4040320715190004,0.545,0.09,0.365,0.015,0.365,0.165,0.2799617566909054,0.4492126845043316,0.95,0,ubi_pure,0.95,140
0.42341591654944066,0.5,0.11,0.39,0.005,0.39,0.105,0.29682190644039996,0.4672420395342012,0.95,0,ubi_pure,0.95,141
0.4105013462554845,0.56,0.125,0.315,0.0,0.395,0.165,0.2860026925193655,0.4614076710560667,0.95,0,ubi_pure,0.95,142
0.4230089507303178,0.505,0.12,0.375,0.01,0.375,0.12,0.3024100902002669,0.47648929729157224,0.95,0,ubi_pure,0.95,143
0.4272695889955142,0.465,0.13,0.405,0.01,0.35,0.105,0.30555937665551064,0.48387809173056484,0.95,0,ubi_pure,0.95,144
0.41044681008010175,0.515,0.12,0.365,0.015,0.34,0.16,0.28696188577981613,0.4660983835789601,0.95,0,ubi_pure,0.95,145
0.4161604391062349,0.505,0.095,0.4,0.005,0.38,0.12,0.3020321979435241,0.50262294607329,0.95,0,ubi_pure,0.95,146
0.42685691669567405,0.47,0.12,0.41,0.0,0.34,0.13,0.30082839717208393,0.4628131352164685,0.95,0,ubi_pure,0.95,147
0.4156696346646166,0.52,0.13,0.35,0.005,0.345,0.17,0.2997402971538838,0.48306712123655493,0.95,0,ubi_pure,0.95,148
0.41242436650381475,0.575,0.105,0.32,0.025,0.4,0.15,0.29481256948692497,0.4841463420489778,0.95,0,ubi_pure,0.95,149
0.4039073028982735,0.51,0.065,0.425,0.005,0.325,0.18,0.2847592902979637,0.4799645452468349,0.95,0,roles_matched,0.95,0
0.4086810394957826,0.545,0.13,0.325,0.02,0.345,0.18,0.28385252293787877,0.45679182177274424,0.95,0,roles_matched,0.95,1
0.40552775922802986,0.57,0.105,0.325,0.01,0.395,0.165,0.27935689712225953,0.4541801292816228,0.95,0,roles_matched,0.95,2
0.3916184650030019,0.625,0.09,0.285,0.01,0.405,0.21,0.2719626921753301,0.45675148002365035,0.95,0,roles_matched,0.95,3
0.39963188827829255,0.62,0.085,0.295,0.01,0.475,0.135,0.26977374454155123,0.45063018077523576,0.95,0,roles_matched,0.95,4
0.40339130600535683,0.59,0.14,0.27,0.015,0.39,0.185,0.27401433175372175,0.45817745757196976,0.95,0,roles_matched,0.95,5
0.40147335468311224,0.55,0.085,0.365,0.005,0.375,0.17,0.2776120966801859,0.4557612347563307,0.95,0,roles_matched,0.95,6
0.4011217580345544,0.575,0.09,0.335,0.01,0.405,0.16,0.27493693659953755,0.46169184205117775,0.95,0,roles_matched,0.95,7
0.3952994595886825,0.565,0.085,0.35,0.02,0.34,0.205,0.26622732878875466,0.4361539589567437,0.95,0,roles_matched,0.95,8
0.3835464790888565,0.655,0.07,0.275,0.02,0.45,0.185,0.2587579148027379,0.43567473934789974,0.95,0,roles_matched,0.95,9
0.39544343180711927,0.61,0.08,0.31,0.015,0.42,0.175,0.26337481657560474,0.42265850491552714,0.95,0,roles_matched,0.95,10
0.412133227001834,0.545,0.105,0.35,0.0,0.395,0.15,0.2847149448036275,0.47287531852971354,0.95,0,roles_matched,0.95,11
0.41313056999384257,0.54,0.145,0.315,0.01,0.35,0.18,0.2921831215278314,0.4879428857471988,0.95,0,roles_matched,0.95,12
0.40407611933900894,0.61,0.125,0.265,0.0,0.44,0.17,0.278539581961854,0.45638450940349984,0.95,0,roles_matched,0.95,13
0.3993921890338221,0.565,0.085,0.35,0.005,0.39,0.17,0.26815048523700463,0.43621036080028847,0.95,0,roles_matched,0.95,14
0.39797738883041545,0.59,0.09,0.32,0.0,0.385,0.205,0.2644379477329342,0.4338178596263088,0.95,0,roles_matched,0.95,15
0.3943246183057546,0.585,0.08,0.335,0.01,0.36,0.215,0.265286678561322,0.4312633027073121,0.95,0,roles_matched,0.95,16
0.39751721109250243,0.59,0.08,0.33,0.01,0.375,0.205,0.2711224328252081,0.4555188100737931,0.95,0,roles_matched,0.95,17
0.399174438928857,0.59,0.12,0.29,0.005,0.38,0.205,0.2748666861334256,0.4385455818534443,0.95,0,roles_matched,0.95,18
0.39455002492494706,0.6,0.07,0.33,0.005,0.4,0.195,0.2669995670271221,0.4459391383875822,0.95,0,roles_matched,0.95,19
0.4029279589824102,0.56,0.11,0.33,0.005,0.36,0.195,0.26966040198258007,0.43544826173375595,0.95,0,roles_matched,0.95,20
0.40312659138567214,0.58,0.09,0.33,0.005,0.41,0.165,0.2798063491800158,0.4755896768707563,0.95,0,roles_matched,0.95,21
0.3894261067944734,0.62,0.1,0.28,0.03,0.41,0.18,0.26548128215270017,0.43873305001125845,0.95,0,roles_matched,0.95,22
0.4009645676822901,0.6,0.095,0.305,0.005,0.445,0.15,0.27703465106874353,0.4540824128848849,0.95,0,roles_matched,0.95,23
0.4113191314956456,0.515,0.09,0.395,0.0,0.345,0.17,0.28203383410914373,0.46903062103749393,0.95,0,roles_matched,0.95,24
0.4064826415892616,0.58,0.135,0.285,0.0,0.415,0.165,0.28505859062564004,0.4742637522867091,0.95,0,roles_matched,0.95,25
0.41391075105310615,0.52,0.095,0.385,0.005,0.355,0.16,0.28948846034376313,0.4690835840928979,0.95,0,roles_matched,0.95,26
0.4028145103350919,0.59,0.065,0.345,0.02,0.445,0.125,0.2688693745228686,0.4331825360042231,0.95,0,roles_matched,0.95,27
0.4163665082063822,0.535,0.11,0.355,0.0,0.41,0.125,0.29122756445548115,0.48396826520828035,0.95,0,roles_matched,0.95,28
0.400120407834701,0.615,0.11,0.275,0.005,0.43,0.18,0.28260081705898477,0.4697022813120387,0.95,0,roles_matched,0.95,29
0.4010272313561613,0.6,0.135,0.265,0.01,0.425,0.165,0.27796618054494193,0.46459367938091595,0.95,0,roles_matched,0.95,30
0.4012220632347595,0.59,0.12,0.29,0.01,0.425,0.155,0.2756659690992076,0.45453798835961023,0.95,0,roles_matched,0.95,31
0.3898455476979423,0.61,0.085,0.305,0.025,0.36,0.225,0.2559451431499407,0.433013002033518,0.95,0,roles_matched,0.95,32
0.3951588263638007,0.645,0.095,0.26,0.01,0.415,0.22,0.26431686412324007,0.43772068819687454,0.95,0,roles_matched,0.95,33
0.3942189959937451,0.595,0.06,0.345,0.005,0.42,0.17,0.26563819706538633,0.43420423869111424,0.95,0,roles_matched,0.95,34
0.419577829436535,0.505,0.115,0.38,0.005,0.365,0.135,0.28806044622251026,0.4580238020193446,0.95,0,roles_matched,0.95,35
0.39753235191756603,0.555,0.09,0.355,0.0,0.33,0.225,0.2680674904780432,0.43584685151560365,0.95,0,roles_matched,0.95,36
0.38681929699002704,0.61,0.085,0.305,0.005,0.385,0.22,0.261948810753781,0.45505029616484294,0.95,0,roles_matched,0.95,37
0.41151219573893605,0.56,0.12,0.32,0.0,0.42,0.14,0.29317629996710276,0.4988700503048149,0.95,0,roles_matched,0.95,38
0.40060266702237457,0.56,0.085,0.355,0.02,0.37,0.17,0.2715350788635498,0.4438218729849283,0.95,0,roles_matched,0.95,39
0.3981412687446133,0.58,0.085,0.335,0.02,0.4,0.16,0.2701381391119441,0.45254032915137743,0.95,0,roles_matched,0.95,40
0.38985467644451055,0.62,0.06,0.32,0.005,0.41,0.205,0.259860426728106,0.4507650861999967,0.95,0,roles_matched,0.95,41
0.4091622871011144,0.545,0.105,0.35,0.01,0.365,0.17,0.285250976412391,0.4633541366950865,0.95,0,roles_matched,0.95,42
0.4054164552785625,0.55,0.115,0.335,0.02,0.36,0.17,0.28277006490057954,0.4580120252337889,0.95,0,roles_matched,0.95,43
0.41395832659632964,0.545,0.1,0.355,0.02,0.415,0.11,0.2894130604259524,0.469372293710731,0.95,0,roles_matched,0.95,44
0.4041297206278412,0.54,0.09,0.37,0.015,0.355,0.17,0.2828883927027176,0.4590587864143025,0.95,0,roles_matched,0.95,45
0.40326218369557265,0.565,0.055,0.38,0.005,0.405,0.155,0.2783392493632831,0.4540122236366742,0.95,0,roles_matched,0.95,46
0.4071166415437017,0.555,0.11,0.335,0.005,0.355,0.195,0.2791774090619801,0.45282870906836775,0.95,0,roles_matched,0.95,47
0.3879937182102863,0.635,0.08,0.285,0.01,0.435,0.19,0.2656627314903254,0.4558165930337688,0.95,0,roles_matched,0.95,48
0.3992314477861592,0.57,0.12,0.31,0.005,0.355,0.21,0.2722903420935499,0.44588059340873043,0.95,0,roles_matched,0.95,49
0.40039386964643453,0.59,0.095,0.315,0.02,0.395,0.175,0.2741871339154753,0.4618152955078213,0.95,0,roles_matched,0.95,50
0.407857387889583,0.585,0.095,0.32,0.02,0.425,0.14,0.284886169806676,0.45418662379863056,0.95,0,roles_matched,0.95,51
0.39006578638896855,0.615,0.11,0.275,0.02,0.395,0.2,0.25792131588505657,0.4139204874983825,0.95,0,roles_matched,0.95,52
0.3987311499135754,0.58,0.07,0.35,0.02,0.405,0.155,0.27794326020830407,0.46637460449509127,0.95,0,roles_matched,0.95,53
0.4075789930978317,0.56,0.085,0.355,0.0,0.4,0.16,0.28244883814932314,0.46114020713096027,0.95,0,roles_matched,0.95,54
0.3933623663527444,0.6,0.065,0.335,0.02,0.405,0.175,0.2571521494335341,0.42605831269854155,0.95,0,roles_matched,0.95,55
0.38587538431093416,0.645,0.06,0.295,0.02,0.41,0.215,0.25408496856064483,0.4446477362757794,0.95,0,roles_matched,0.95,56
0.4147590833659638,0.535,0.16,0.305,0.015,0.385,0.135,0.2942511478534694,0.4809126872429488,0.95,0,roles_matched,0.95,57
0.3930057713237541,0.63,0.095,0.275,0.01,0.425,0.195,0.2670865387354885,0.4457754337887998,0.95,0,roles_matched,0.95,58
0.4156112334387586,0.54,0.12,0.34,0.005,0.38,0.155,0.28918986014845344,0.48692783705171805,0.95,0,roles_matched,0.95,59
0.4039233606906747,0.56,0.09,0.35,0.005,0.38,0.175,0.28195649120390714,0.4770567240516735,0.95,0,roles_matched,0.95,60
0.4071855142171006,0.565,0.09,0.345,0.01,0.415,0.14,0.2834147602455845,0.47175114314017513,0.95,0,roles_matched,0.95,61
0.4037301889594064,0.585,0.115,0.3,0.0,0.405,0.18,0.27584457434957005,0.46057905314113495,0.95,0,roles_matched,0.95,62
0.4062556988561063,0.555,0.115,0.33,0.005,0.39,0.16,0.27404962968211705,0.44748839925631634,0.95,0,roles_matched,0.95,63
0.3988743917257665,0.585,0.08,0.335,0.005,0.405,0.175,0.2721263193219147,0.45684481264215565,0.95,0,roles_matched,0.95,64
0.39213768299953017,0.6,0.085,0.315,0.005,0.365,0.23,0.2660032087241165,0.4488632926728645,0.95,0,roles_matched,0.95,65
0.39232495168946213,0.605,0.07,0.325,0.015,0.4,0.19,0.26007168547790444,0.416783342262853,0.95,0,roles_matched,0.95,66
0.40603108151274897,0.52,0.095,0.385,0.025,0.3,0.195,0.2830721949898835,0.45911879322131405,0.95,0,roles_matched,0.95,67
0.4063446813010853,0.575,0.115,0.31,0.01,0.4,0.165,0.278473120241282,0.4627043925122032,0.95,0,roles_matched,0.95,68
0.3873879535538147,0.645,0.07,0.285,0.015,0.42,0.21,0.2589982876434562,0.4330845110519347,0.95,0,roles_matched,0.95,69
0.41328108020352916,0.55,0.12,0.33,0.015,0.375,0.16,0.2912866188651666,0.48156566818188823,0.95,0,roles_matched,0.95,70
0.39246993407779923,0.565,0.1,0.335,0.01,0.325,0.23,0.26379646196025064,0.4407863676207928,0.95,0,roles_matched,0.95,71
0.39656239277756056,0.585,0.125,0.29,0.0,0.36,0.225,0.26933407761661377,0.43066114789313353,0.95,0,roles_matched,0.95,72
0.40828853750030975,0.57,0.125,0.305,0.015,0.38,0.175,0.28060183111454573,0.4588739750897469,0.95,0,roles_matched,0.95,73
0.39854672905161936,0.6,0.08,0.32,0.005,0.44,0.155,0.27840564697006603,0.4693370216879656,0.95,0,roles_matched,0.95,74
0.408138349113994,0.565,0.09,0.345,0.005,0.405,0.155,0.2765155515942842,0.45270911971013134,0.95,0,roles_matched,0.95,75
0.3950265722119577,0.59,0.085,0.325,0.005,0.36,0.225,0.27065094476196055,0.4488679212819666,0.95,0,roles_matched,0.95,76
0.39495447206708234,0.61,0.1,0.29,0.0,0.41,0.2,0.2584330224460419,0.41912361593962055,0.95,0,roles_matched,0.95,77
0.40213838197445717,0.56,0.1,0.34,0.01,0.365,0.185,0.2674806546864307,0.4418953870870977,0.95,0,roles_matched,0.95,78
0.39099996311995755,0.59,0.08,0.33,0.005,0.355,0.23,0.26169043822164406,0.4384861724331759,0.95,0,roles_matched,0.95,79
0.4222014135824723,0.51,0.14,0.35,0.0,0.365,0.145,0.2924228616865552,0.4714590656599627,0.95,0,roles_matched,0.95,80
0.40501912587999506,0.59,0.085,0.325,0.02,0.455,0.115,0.2810748823793226,0.4676545676884588,0.95,0,roles_matched,0.95,81
0.39251380678477543,0.61,0.08,0.31,0.015,0.4,0.195,0.26524358637667955,0.4462627631687508,0.95,0,roles_matched,0.95,82
0.4018502890756976,0.595,0.09,0.315,0.015,0.415,0.165,0.27603100378996737,0.4648146282969684,0.95,0,roles_matched,0.95,83
0.38871118103607033,0.61,0.105,0.285,0.025,0.39,0.195,0.26549488131209226,0.4532006199140304,0.95,0,roles_matched,0.95,84
0.39492520649544116,0.61,0.09,0.3,0.01,0.395,0.205,0.26635914751140916,0.4424011286800559,0.95,0,roles_matched,0.95,85
0.4020271435715594,0.52,0.11,0.37,0.0,0.32,0.2,0.27486417889282544,0.43951697299771086,0.95,0,roles_matched,0.95,86
0.38782823353528895,0.62,0.065,0.315,0.005,0.43,0.185,0.26303571670108106,0.44106460257026714,0.95,0,roles_matched,0.95,87
0.4075415526204875,0.585,0.135,0.28,0.0,0.4,0.185,0.2805122550651732,0.45685947854911524,0.95,0,roles_matched,0.95,88
0.403132217357969,0.535,0.075,0.39,0.015,0.36,0.16,0.2844531224295779,0.48059953126607513,0.95,0,roles_matched,0.95,89
0.39155260353222743,0.62,0.105,0.275,0.015,0.415,0.19,0.271525986758841,0.4622375247628365,0.95,0,roles_matched,0.95,90
0.40910811280162385,0.57,0.105,0.325,0.0,0.415,0.155,0.28257363262592217,0.4716722535767881,0.95,0,roles_matched,0.95,91
0.3874075848344822,0.63,0.07,0.3,0.01,0.435,0.185,0.2588469352627047,0.4497293884005963,0.95,0,roles_matched,0.95,92
0.39841797416900393,0.62,0.115,0.265,0.02,0.43,0.17,0.27503521836208283,0.45889100931821575,0.95,0,roles_matched,0.95,93
0.4223368740689281,0.52,0.145,0.335,0.015,0.385,0.12,0.2934463788429177,0.4632192442258548,0.95,0,roles_matched,0.95,94
0.39631982065311905,0.585,0.09,0.325,0.01,0.39,0.185,0.27010015712712176,0.46027652281617015,0.95,0,roles_matched,0.95,95
0.39026697046202313,0.59,0.055,0.355,0.005,0.36,0.225,0.2645927755864545,0.4521852941551898,0.95,0,roles_matched,0.95,96
0.40737729980650955,0.56,0.095,0.345,0.01,0.42,0.13,0.27874085691463013,0.46230307470775217,0.95,0,roles_matched,0.95,97
0.395822483551933,0.585,0.09,0.325,0.0,0.385,0.2,0.26121738513486653,0.4429602630174038,0.95,0,roles_matched,0.95,98
0.3906395222634114,0.58,0.09,0.33,0.02,0.365,0.195,0.26120651924212324,0.43393032114944496,0.95,0,roles_matched,0.95,99
0.39467274847767875,0.565,0.07,0.365,0.01,0.355,0.2,0.2646763966198242,0.42844159106809854,0.95,0,roles_matched,0.95,100
0.40453859158295685,0.55,0.11,0.34,0.005,0.35,0.195,0.2742692889347977,0.4533638170836035,0.95,0,roles_matched,0.95,101
0.38041028331133164,0.655,0.06,0.285,0.015,0.42,0.22,0.2564664349998207,0.4391543631278016,0.95,0,roles_matched,0.95,102
0.391287159599909,0.605,0.07,0.325,0.015,0.42,0.17,0.26172821439380495,0.4352054719182729,0.95,0,roles_matched,0.95,103
0.4041044421947613,0.555,0.11,0.335,0.0,0.36,0.195,0.26989554662659176,0.4498826091079316,0.95,0,roles_matched,0.95,104
0.41594923182715676,0.51,0.085,0.405,0.005,0.39,0.115,0.2926956447166853,0.4684492193700456,0.95,0,roles_matched,0.95,105
0.4077673722189018,0.535,0.105,0.36,0.005,0.355,0.175,0.2814959545009641,0.466966552521215,0.95,0,roles_matched,0.95,106
0.413520624218386,0.53,0.1,0.37,0.005,0.41,0.115,0.27813064440137064,0.44212429591578967,0.95,0,roles_matched,0.95,107
0.3890097886893918,0.585,0.06,0.355,0.005,0.365,0.215,0.2629110126508125,0.4373926239173964,0.95,0,roles_matched,0.95,108
0.4168244125178533,0.55,0.14,0.31,0.0,0.405,0.145,0.2875505992996178,0.46097159272711485,0.95,0,roles_matched,0.95,109
0.41079021025436036,0.54,0.09,0.37,0.005,0.37,0.165,0.2822364985329934,0.464850217165302,0.95,0,roles_matched,0.95,110
0.3968818668436704,0.595,0.09,0.315,0.01,0.435,0.15,0.2697228461697319,0.4462824614381091,0.95,0,roles_matched,0.95,111
0.40475097829003814,0.545,0.05,0.405,0.02,0.38,0.145,0.2765193878906827,0.4632446310746979,0.95,0,roles_matched,0.95,112
0.4042234894071667,0.575,0.105,0.32,0.005,0.375,0.195,0.279066810814235,0.4539762015886684,0.95,0,roles_matched,0.95,113
0.3926201954015639,0.625,0.095,0.28,0.005,0.42,0.2,0.2676647075619284,0.46432773902978275,0.95,0,roles_matched,0.95,114
0.38655042988663824,0.635,0.07,0.295,0.015,0.435,0.185,0.2655575178689045,0.45704567321029654,0.95,0,roles_matched,0.95,115
0.4011184120138526,0.575,0.075,0.35,0.005,0.385,0.185,0.28248643407726015,0.4715688319689412,0.95,0,roles_matched,0.95,116
0.3948472913311803,0.585,0.11,0.305,0.02,0.38,0.185,0.2684205036546722,0.44291310569728765,0.95,0,roles_matched,0.95,117
0.4147201012849746,0.55,0.12,0.33,0.0,0.43,0.12,0.29174219054024225,0.46690270712012827,0.95,0,roles_matched,0.95,118
0.40973084246794655,0.56,0.11,0.33,0.005,0.395,0.16,0.27797585313411743,0.4500318817500046,0.95,0,roles_matched,0.95,119
0.40619177264880885,0.545,0.115,0.34,0.01,0.355,0.18,0.2874590657827724,0.47964247994729786,0.95,0,roles_matched,0.95,120
0.4011427081661792,0.55,0.115,0.335,0.01,0.37,0.17,0.26971286399502226,0.4493471311218673,0.95,0,roles_matched,0.95,121
0.3887309571907966,0.615,0.085,0.3,0.02,0.355,0.24,0.2594278801375613,0.44003974185391515,0.95,0,roles_matched,0.95,122
0.40587424144995266,0.545,0.13,0.325,0.01,0.34,0.195,0.2804420113718666,0.461661179808794,0.95,0,roles_matched,0.95,123
0.39309064652569353,0.61,0.07,0.32,0.005,0.42,0.185,0.27136835499208617,0.4533373224449241,0.95,0,roles_matched,0.95,124
0.4089105538926416,0.52,0.08,0.4,0.0,0.325,0.195,0.2764651711463757,0.45014153596055584,0.95,0,roles_matched,0.95,125
0.39588661029596983,0.58,0.095,0.325,0.01,0.37,0.2,0.27322989351402577,0.45680433423223266,0.95,0,roles_matched,0.95,126
0.41117121937913587,0.56,0.105,0.335,0.0,0.395,0.165,0.2824901441229317,0.4585304780775865,0.95,0,roles_matched,0.95,127
0.3842623308129264,0.67,0.07,0.26,0.005,0.425,0.24,0.25472078555061367,0.44222246037154167,0.95,0,roles_matched,0.95,128
0.41568619304213106,0.49,0.125,0.385,0.015,0.31,0.165,0.28792299792183995,0.45505977057383507,0.95,0,roles_matched,0.95,129
0.3926439945950048,0.58,0.08,0.34,0.02,0.355,0.205,0.25945459940598353,0.4373151684952046,0.95,0,roles_matched,0.95,130
0.3958441169067686,0.565,0.085,0.35,0.005,0.37,0.19,0.26655014046239334,0.43961251817815605,0.95,0,roles_matched,0.95,131
0.3944271293539677,0.59,0.075,0.335,0.015,0.38,0.195,0.2658341047594898,0.4267783125615769,0.95,0,roles_matched,0.95,132
0.38881233480441924,0.625,0.08,0.295,0.01,0.405,0.21,0.26224963529895434,0.43821717745845035,0.95,0,roles_matched,0.95,133
0.41574049086532355,0.52,0.135,0.345,0.01,0.345,0.165,0.28502654756026063,0.4766238871499938,0.95,0,roles_matched,0.95,134
0.3967925637782994,0.555,0.08,0.365,0.01,0.37,0.175,0.2731181028872548,0.4472723812332221,0.95,0,roles_matched,0.95,135
0.3974966989208326,0.585,0.085,0.33,0.03,0.365,0.19,0.2622097218271708,0.43590689989554837,0.95,0,roles_matched,0.95,136
0.4145397283422538,0.485,0.115,0.4,0.01,0.305,0.17,0.2833918361899699,0.45599297124974514,0.95,0,roles_matched,0.95,137
0.399975322496576,0.59,0.075,0.335,0.02,0.4,0.17,0.2798361920409874,0.4691211342080818,0.95,0,roles_matched,0.95,138
0.41162015739980035,0.535,0.135,0.33,0.015,0.37,0.15,0.28663016414349923,0.47133882070894517,0.95,0,roles_matched,0.95,139
0.4059366196595707,0.535,0.09,0.375,0.0,0.365,0.17,0.28015256014583934,0.46044515106732,0.95,0,roles_matched,0.95,140
0.41295159905864387,0.525,0.125,0.35,0.015,0.36,0.15,0.29031032444681804,0.48289074815919386,0.95,0,roles_matched,0.95,141
0.3949854457475307,0.565,0.08,0.355,0.015,0.37,0.18,0.26921708296105884,0.4552218871324652,0.95,0,roles_matched,0.95,142
0.39613098187372514,0.6,0.1,0.3,0.0,0.39,0.21,0.2641908875726,0.4508326795231439,0.95,0,roles_matched,0.95,143
0.39935876376792634,0.59,0.085,0.325,0.01,0.395,0.185,0.2683237709108031,0.4420250067950169,0.95,0,roles_matched,0.95,144
0.4097482473380733,0.57,0.135,0.295,0.01,0.385,0.175,0.2816439803749884,0.47661442891515293,0.95,0,roles_matched,0.95,145
0.40568504868851846,0.52,0.125,0.355,0.02,0.33,0.17,0.28377783846239235,0.4782772476925243,0.95,0,roles_matched,0.95,146
0.39498820375509097,0.55,0.085,0.365,0.015,0.32,0.215,0.2658610683187931,0.4430436555267672,0.95,0,roles_matched,0.95,147
0.40340232038695495,0.55,0.075,0.375,0.005,0.38,0.165,0.2747135495166178,0.4517990255383988,0.95,0,roles_matched,0.95,148
0.4002050340970031,0.58,0.09,0.33,0.01,0.395,0.175,0.2810558871738721,0.46266774420802603,0.95,0,roles_matched,0.95,149
0.4321222931619445,0.48,0.15,0.37,0.01,0.345,0.125,0.2964035065060727,0.4541776272527093,0.95,0,roles_full,0.95,0
0.4381702018765612,0.465,0.17,0.365,0.015,0.345,0.105,0.30501499820773986,0.47560492592153203,0.95,0,roles_full,0.95,1
0.42973233127151816,0.49,0.185,0.325,0.0,0.34,0.15,0.2918102559515719,0.4630339356210664,0.95,0,roles_full,0.95,2
0.4359174767759423,0.44,0.125,0.435,0.01,0.36,0.07,0.30479866361505764,0.4831828167301983,0.95,0,roles_full,0.95,3
0.4381673396135581,0.43,0.175,0.395,0.005,0.295,0.13,0.30232595748654945,0.45565050768534104,0.95,0,roles_full,0.95,4
0.4288033043446069,0.455,0.14,0.405,0.005,0.335,0.115,0.28657690408219827,0.4295810266980273,0.95,0,roles_full,0.95,5
0.4455765631024857,0.445,0.2,0.355,0.0,0.335,0.11,0.30644168360002594,0.4565965613591871,0.95,0,roles_full,0.95,6
0.4453507649603749,0.41,0.21,0.38,0.005,0.3,0.105,0.3016981299944921,0.4551950567829145,0.95,0,roles_full,0.95,7
0.4305263324126365,0.45,0.125,0.425,0.01,0.33,0.11,0.2914761936264555,0.46154557733681045,0.95,0,roles_full,0.95,8
0.4378489328808961,0.45,0.165,0.385,0.0,0.34,0.11,0.2994694699113477,0.46421587024533906,0.95,0,roles_full,0.95,9
0.43428576570281946,0.435,0.14,0.425,0.005,0.32,0.11,0.29355451153672674,0.44248268812970243,0.95,0,roles_full,0.95,10
0.43543230551899414,0.47,0.165,0.365,0.005,0.355,0.11,0.30078178546012135,0.4654870293878548,0.95,0,roles_full,0.95,11
0.4273698659954316,0.46,0.11,0.43,0.005,0.345,0.11,0.2877417832890943,0.45525973469259917,0.95,0,roles_full,0.95,12
0.4325396924367924,0.46,0.16,0.38,0.0,0.335,0.125,0.29616488965456733,0.4733719728701975,0.95,0,roles_full,0.95,13
0.44231491634956316,0.41,0.175,0.415,0.005,0.265,0.14,0.31127517371539687,0.49271485938592496,0.95,0,roles_full,0.95,14
0.44301692555041666,0.465,0.16,0.375,0.0,0.36,0.105,0.3113464882077526,0.4826242944789345,0.95,0,roles_full,0.95,15
0.44931239998023303,0.4,0.18,0.42,0.01,0.32,0.07,0.31073453054024514,0.48090451753414326,0.95,0,roles_full,0.95,16
0.4419413206426146,0.43,0.16,0.41,0.0,0.365,0.065,0.2998212256704582,0.4722070843975027,0.95,0,roles_full,0.95,17
0.4266070367803087,0.47,0.12,0.41,0.0,0.335,0.135,0.28300330691646136,0.4365539227103737,0.95,0,roles_full,0.95,18
0.4274293247138762,0.445,0.165,0.39,0.005,0.29,0.15,0.2887095799385906,0.4569368621075698,0.95,0,roles_full,0.95,19
0.42215890939732115,0.52,0.125,0.355,0.0,0.395,0.125,0.28714166297078636,0.4630242963432978,0.95,0,roles_full,0.95,20
0.4396123956227772,0.45,0.165,0.385,0.01,0.36,0.08,0.30413680260947323,0.4686621785530064,0.95,0,roles_full,0.95,21
0.43207514558917426,0.455,0.14,0.405,0.005,0.33,0.12,0.29026364609604355,0.4569130234747298,0.95,0,roles_full,0.95,22
0.43184874518863525,0.49,0.16,0.35,0.005,0.38,0.105,0.29459172091762653,0.458504915310869,0.95,0,roles_full,0.95,23
0.4412443172813505,0.41,0.15,0.44,0.005,0.325,0.08,0.30555782844727597,0.4746655882837232,0.95,0,roles_full,0.95,24
0.4268843385077108,0.48,0.14,0.38,0.015,0.33,0.135,0.281585850282993,0.4453465616232596,0.95,0,roles_full,0.95,25
0.42527838373198884,0.515,0.135,0.35,0.015,0.4,0.1,0.28238948506308426,0.44669287648616524,0.95,0,roles_full,0.95,26
0.4354479280123195,0.44,0.185,0.375,0.01,0.325,0.105,0.30266400634645924,0.47330894008027985,0.95,0,roles_full,0.95,27
0.42791063100061505,0.49,0.135,0.375,0.005,0.37,0.115,0.2917313301648848,0.4628490622392149,0.95,0,roles_full,0.95,28
0.44275378954201494,0.43,0.18,0.39,0.0,0.32,0.11,0.3081371247993103,0.4852652637044711,0.95,0,roles_full,0.95,29
0.43697270461461707,0.45,0.095,0.455,0.005,0.365,0.08,0.30108909656859106,0.45717655224617976,0.95,0,roles_full,0.95,30
0.4288178556130214,0.49,0.145,0.365,0.0,0.36,0.13,0.29147520031304885,0.45212679967620184,0.95,0,roles_full,0.95,31
0.43092889944450974,0.47,0.16,0.37,0.015,0.36,0.095,0.29764095983823013,0.4681050880345825,0.95,0,roles_full,0.95,32
0.43328353010758136,0.475,0.15,0.375,0.0,0.365,0.11,0.2921805886937999,0.4500121384192996,0.95,0,roles_full,0.95,33
0.43210120484379366,0.495,0.16,0.345,0.01,0.39,0.095,0.2989829737138801,0.462039236599089,0.95,0,roles_full,0.95,34
0.44932074003594963,0.415,0.185,0.4,0.01,0.315,0.09,0.31167027584195717,0.4800579887231621,0.95,0,roles_full,0.95,35
0.4300273297430802,0.48,0.16,0.36,0.01,0.375,0.095,0.2979105550813907,0.47946688241486285,0.95,0,roles_full,0.95,36
0.43892956043981757,0.47,0.15,0.38,0.0,0.37,0.1,0.3041937557563431,0.4774626064276663,0.95,0,roles_full,0.95,37
0.43932983304160333,0.43,0.18,0.39,0.005,0.3,0.125,0.3070027801263091,0.4862648376575608,0.95,0,roles_full,0.95,38
0.42197958983086037,0.545,0.13,0.325,0.005,0.445,0.095,0.28498482694854693,0.44808785793454203,0.95,0,roles_full,0.95,39
0.4258023148864031,0.465,0.14,0.395,0.005,0.33,0.13,0.2862764746265571,0.4476864207140989,0.95,0,roles_full,0.95,40
0.43097253292552845,0.49,0.155,0.355,0.005,0.35,0.135,0.2950866877880779,0.45973172780520566,0.95,0,roles_full,0.95,41
0.44723164169205915,0.42,0.165,0.415,0.0,0.345,0.075,0.3068581304672752,0.4703222824636876,0.95,0,roles_full,0.95,42
0.43768873458731433,0.45,0.17,0.38,0.005,0.345,0.1,0.29896025419313815,0.4601884443554918,0.95,0,roles_full,0.95,43
0.4359582185170298,0.455,0.19,0.355,0.005,0.33,0.12,0.2991238704776224,0.4730042362306608,0.95,0,roles_full,0.95,44
0.43873014218730405,0.45,0.165,0.385,0.0,0.36,0.09,0.30337892041520126,0.45913869729772416,0.95,0,roles_full,0.95,45
0.4243644987329326,0.485,0.165,0.35,0.02,0.33,0.135,0.28744461376808245,0.44236101786120297,0.95,0,roles_full,0.95,46
0.4272544861115702,0.5,0.15,0.35,0.0,0.35,0.15,0.29268256397167036,0.45123265759192555,0.95,0,roles_full,0.95,47
0.45045211004059843,0.385,0.165,0.45,0.0,0.32,0.065,0.3165671580873017,0.49044398392924454,0.95,0,roles_full,0.95,48
0.44009314125519966,0.425,0.135,0.44,0.0,0.335,0.09,0.3061816077961497,0.4905971883764657,0.95,0,roles_full,0.95,49
0.431472851770073,0.445,0.145,0.41,0.005,0.33,0.11,0.28979899331728964,0.4376813338658286,0.95,0,roles_full,0.95,50
0.43783069026477733,0.46,0.19,0.35,0.0,0.33,0.13,0.2924074727756593,0.46014620280461943,0.95,0,roles_full,0.95,51
0.4153427160396358,0.545,0.11,0.345,0.015,0.41,0.12,0.279283330921402,0.45366404248152503,0.95,0,roles_full,0.95,52
0.43499711767179333,0.435,0.13,0.435,0.005,0.32,0.11,0.29742999134074183,0.4452738584428403,0.95,0,roles_full,0.95,53
0.4288247396774134,0.475,0.125,0.4,0.0,0.37,0.105,0.2934459249009979,0.45925960966825746,0.95,0,roles_full,0.95,54
0.4441301713858752,0.405,0.19,0.405,0.005,0.31,0.09,0.310207490065283,0.47930547424363135,0.95,0,roles_full,0.95,55
0.4500571702274139,0.4,0.215,0.385,0.005,0.295,0.1,0.31061395973779965,0.4627990030553133,0.95,0,roles_full,0.95,56
0.41558704916949396,0.47,0.095,0.435,0.0,0.3,0.17,0.282133983901031,0.45436916355876206,0.95,0,roles_full,0.95,57
0.4424573410857475,0.415,0.175,0.41,0.005,0.28,0.13,0.30448426741347334,0.4744438415457202,0.95,0,roles_full,0.95,58
0.4494215172761342,0.375,0.19,0.435,0.005,0.265,0.105,0.31075616417730545,0.4691833566548732,0.95,0,roles_full,0.95,59
0.44070778547212247,0.4,0.165,0.435,0.005,0.305,0.09,0.3042848600132775,0.4749494671579697,0.95,0,roles_full,0.95,60
0.425352646347007,0.475,0.145,0.38,0.005,0.35,0.12,0.2832379099068156,0.44573651180467316,0.95,0,roles_full,0.95,61
0.4382698383002033,0.455,0.16,0.385,0.01,0.355,0.09,0.3129023520669194,0.49721422770378,0.95,0,roles_full,0.95,62
0.42393232245040585,0.485,0.14,0.375,0.005,0.35,0.13,0.28897398823318143,0.4539281624646108,0.95,0,roles_full,0.95,63
0.41830343090931044,0.51,0.125,0.365,0.0,0.355,0.155,0.27598884329676215,0.4361199118675312,0.95,0,roles_full,0.95,64
0.4432624795698799,0.41,0.2,0.39,0.005,0.275,0.13,0.30247289226245555,0.46829852662285065,0.95,0,roles_full,0.95,65
0.4318272750296771,0.47,0.165,0.365,0.005,0.33,0.135,0.28795888150740145,0.4373246628497868,0.95,0,roles_full,0.95,66
0.4353495585641718,0.455,0.16,0.385,0.0,0.35,0.105,0.29429794415030897,0.46241054490304295,0.95,0,roles_full,0.95,67
0.434937370131221,0.475,0.155,0.37,0.01,0.38,0.085,0.3006476587922893,0.4781122366610997,0.95,0,roles_full,0.95,68
0.43586446316226074,0.445,0.12,0.435,0.005,0.355,0.085,0.299563440821466,0.45711125181557044,0.95,0,roles_full,0.95,69
0.4442977126343184,0.385,0.18,0.435,0.01,0.28,0.095,0.3102913617401511,0.4773374180443831,0.95,0,roles_full,0.95,70
0.42309227764000307,0.505,0.155,0.34,0.005,0.355,0.145,0.28445129582868955,0.44896815746972124,0.95,0,roles_full,0.95,71
0.4328406969656355,0.45,0.16,0.39,0.0,0.345,0.105,0.2978791813853968,0.47404797679748567,0.95,0,roles_full,0.95,72
0.44272055421419976,0.445,0.18,0.375,0.005,0.36,0.08,0.2991921966999175,0.47203422108705745,0.95,0,roles_full,0.95,73
0.43948019483649375,0.44,0.165,0.395,0.01,0.345,0.085,0.30721724191096894,0.4747983659641298,0.95,0,roles_full,0.95,74
0.4313279065774704,0.49,0.165,0.345,0.0,0.345,0.145,0.29606000867610854,0.4711318347607699,0.95,0,roles_full,0.95,75
0.43461128728856735,0.43,0.15,0.42,0.0,0.295,0.135,0.29927061591868787,0.4569754328966088,0.95,0,roles_full,0.95,76
0.440958367157502,0.47,0.165,0.365,0.005,0.38,0.085,0.302265948446963,0.46056790277223764,0.95,0,roles_full,0.95,77
0.43175131170491,0.46,0.14,0.4,0.005,0.34,0.115,0.29303796158903067,0.45810393283848083,0.95,0,roles_full,0.95,78
0.44916476880602374,0.39,0.2,0.41,0.0,0.27,0.12,0.3123354364835279,0.4878773963764054,0.95,0,roles_full,0.95,79
0.4372609820703506,0.465,0.15,0.385,0.0,0.345,0.12,0.3063354000626263,0.4798502760356254,0.95,0,roles_full,0.95,80
0.42891703508900564,0.495,0.145,0.36,0.005,0.385,0.105,0.2943686868794194,0.4544864241159614,0.95,0,roles_full,0.95,81
0.41763950668225774,0.53,0.12,0.35,0.0,0.4,0.13,0.28305802772203176,0.458772338941794,0.95,0,roles_full,0.95,82
0.433728241859505,0.47,0.18,0.35,0.005,0.335,0.13,0.3027121835891635,0.4696198156674293,0.95,0,roles_full,0.95,83
0.4477130486625029,0.38,0.195,0.425,0.005,0.295,0.08,0.3117107059587777,0.4861091769584157,0.95,0,roles_full,0.95,84
0.43857420551456355,0.47,0.175,0.355,0.005,0.375,0.09,0.2954542650408094,0.45510459637905837,0.95,0,roles_full,0.95,85
0.4331635183362097,0.465,0.17,0.365,0.005,0.31,0.15,0.2990822940168558,0.4685820891798082,0.95,0,roles_full,0.95,86
0.4412048380547715,0.415,0.155,0.43,0.01,0.33,0.075,0.3000655412694374,0.4542683574309422,0.95,0,roles_full,0.95,87
0.4330288619272695,0.48,0.175,0.345,0.005,0.345,0.13,0.2900539078902428,0.46459469166252687,0.95,0,roles_full,0.95,88
0.4546644710055412,0.355,0.17,0.475,0.005,0.285,0.065,0.318797580601987,0.4701980703804262,0.95,0,roles_full,0.95,89
0.44211867303957303,0.44,0.15,0.41,0.01,0.34,0.09,0.3112553089480962,0.4867552892780762,0.95,0,roles_full,0.95,90
0.43366256611544207,0.435,0.145,0.42,0.0,0.33,0.105,0.29663872336286945,0.4514544258187766,0.95,0,roles_full,0.95,91
0.44268764515242975,0.455,0.195,0.35,0.005,0.37,0.08,0.30104361024980386,0.4712948749208031,0.95,0,roles_full,0.95,92
0.427444393466227,0.485,0.155,0.36,0.0,0.335,0.15,0.2888122195581948,0.44618621436205047,0.95,0,roles_full,0.95,93
0.4325219843032822,0.425,0.14,0.435,0.0,0.31,0.115,0.3057169437449753,0.482024610057874,0.95,0,roles_full,0.95,94
0.4384247815021892,0.455,0.185,0.36,0.005,0.335,0.115,0.3010065394392112,0.4698908564478936,0.95,0,roles_full,0.95,95
0.43272594474357134,0.505,0.145,0.35,0.0,0.395,0.11,0.3000793003773052,0.4822959360925315,0.95,0,roles_full,0.95,96
0.4344629951871668,0.445,0.135,0.42,0.005,0.33,0.11,0.2966788669470189,0.45392598847256116,0.95,0,roles_full,0.95,97
0.4452002867296414,0.375,0.165,0.46,0.005,0.265,0.105,0.3110658718771422,0.48623415571982875,0.95,0,roles_full,0.95,98
0.42908994049046045,0.5,0.15,0.35,0.005,0.37,0.125,0.29564103172220674,0.4497762516063421,0.95,0,roles_full,0.95,99
0.4334487709100941,0.48,0.165,0.355,0.0,0.345,0.135,0.2840937943772892,0.43611612935416616,0.95,0,roles_full,0.95,100
0.43702986473266164,0.465,0.215,0.32,0.005,0.34,0.12,0.30536697727484635,0.48976380990059126,0.95,0,roles_full,0.95,101
0.40650228091482005,0.55,0.11,0.34,0.02,0.355,0.175,0.269989369606973,0.44584432455391154,0.95,0,roles_full,0.95,102
0.42230601114765043,0.465,0.105,0.43,0.01,0.305,0.15,0.27675072151397917,0.4299947895981285,0.95,0,roles_full,0.95,103
0.4210231932602892,0.515,0.165,0.32,0.0,0.36,0.155,0.28055910359734815,0.4489899368713673,0.95,0,roles_full,0.95,104
0.4376488248999286,0.435,0.175,0.39,0.01,0.305,0.12,0.3001002542158683,0.4707430301392025,0.95,0,roles_full,0.95,105
0.4415062570778654,0.45,0.175,0.375,0.0,0.325,0.125,0.30358889037735254,0.45994975134113075,0.95,0,roles_full,0.95,106
0.4393929718413534,0.455,0.175,0.37,0.0,0.365,0.09,0.2978458891788895,0.47228206115855625,0.95,0,roles_full,0.95,107
0.4348167782361074,0.465,0.175,0.36,0.0,0.355,0.11,0.30249156836699254,0.4655217686128341,0.95,0,roles_full,0.95,108
0.4281497536258702,0.505,0.115,0.38,0.0,0.405,0.1,0.28729190542692534,0.4401261790920711,0.95,0,roles_full,0.95,109
0.42439845425731876,0.505,0.145,0.35,0.015,0.375,0.115,0.28575773529395215,0.4519593531811249,0.95,0,roles_full,0.95,110
0.43545632888919,0.405,0.15,0.445,0.0,0.26,0.145,0.29320569112025974,0.4523026281816239,0.95,0,roles_full,0.95,111
0.4273720216852633,0.475,0.13,0.395,0.01,0.31,0.155,0.28220590589610195,0.44741625770829657,0.95,0,roles_full,0.95,112
0.4310757577811551,0.485,0.2,0.315,0.0,0.35,0.135,0.29312047146430226,0.45539554321899234,0.95,0,roles_full,0.95,113
0.45271948030209885,0.415,0.215,0.37,0.015,0.3,0.1,0.3084346207311981,0.45873708893544063,0.95,0,roles_full,0.95,114
0.43148003956324543,0.455,0.145,0.4,0.0,0.32,0.135,0.2889441310322507,0.455610653132934,0.95,0,roles_full,0.95,115
0.4490848498812663,0.42,0.19,0.39,0.005,0.325,0.09,0.31037710601863816,0.4730437252187352,0.95,0,roles_full,0.95,116
0.4383390602300935,0.45,0.165,0.385,0.0,0.35,0.1,0.3010775316559014,0.4735898802285521,0.95,0,roles_full,0.95,117
0.42990697288927265,0.465,0.18,0.355,0.01,0.32,0.135,0.287850978152965,0.4439024874230519,0.95,0,roles_full,0.95,118
0.43169434458592576,0.48,0.14,0.38,0.0,0.36,0.12,0.30244202488968885,0.4790465895711873,0.95,0,roles_full,0.95,119
0.4377652976244304,0.435,0.175,0.39,0.0,0.32,0.115,0.30492830801249116,0.4806213519164808,0.95,0,roles_full,0.95,120
0.43987163091841863,0.455,0.2,0.345,0.01,0.33,0.115,0.29934219720638866,0.4775972025358819,0.95,0,roles_full,0.95,121
0.4133239158539911,0.55,0.12,0.33,0.015,0.415,0.12,0.27286430246477106,0.44479880256635274,0.95,0,roles_full,0.95,122
0.42683751017996313,0.5,0.19,0.31,0.005,0.37,0.125,0.28873413194956077,0.4617904646322111,0.95,0,roles_full,0.95,123
0.4352283356751377,0.44,0.195,0.365,0.005,0.305,0.13,0.30266224220776006,0.46606982888155346,0.95,0,roles_full,0.95,124
0.44506229615615583,0.41,0.21,0.38,0.0,0.31,0.1,0.30969116988577294,0.46103879432882267,0.95,0,roles_full,0.95,125
0.42198090112438336,0.53,0.155,0.315,0.0,0.39,0.14,0.27809618015346443,0.4372108886283374,0.95,0,roles_full,0.95,126
0.43286791103779376,0.45,0.17,0.38,0.01,0.33,0.11,0.2937286235782755,0.45558734884692426,0.95,0,roles_full,0.95,127
0.42424475662470296,0.51,0.155,0.335,0.0,0.36,0.15,0.29043656087218217,0.4701536952625741,0.95,0,roles_full,0.95,128
0.41808692522838586,0.515,0.105,0.38,0.0,0.385,0.13,0.28421104596020696,0.4356244029932787,0.95,0,roles_full,0.95,129
0.4335520430581644,0.465,0.18,0.355,0.01,0.355,0.1,0.2974710629333931,0.4743656691190612,0.95,0,roles_full,0.95,130
0.4278781819158827,0.48,0.155,0.365,0.005,0.34,0.135,0.2926870680647361,0.4602552551998663,0.95,0,roles_full,0.95,131
0.4254336684463132,0.5,0.155,0.345,0.005,0.365,0.13,0.28626890344772354,0.44820171350672267,0.95,0,roles_full,0.95,132
0.41897686484295177,0.525,0.12,0.355,0.015,0.375,0.135,0.28549030278801363,0.4589697589054009,0.95,0,roles_full,0.95,133
0.4377820527736686,0.47,0.145,0.385,0.0,0.395,0.075,0.2965675316878062,0.45996286155207783,0.95,0,roles_full,0.95,134
0.4237176104310021,0.48,0.145,0.375,0.015,0.32,0.145,0.28449971604912,0.44900169014649405,0.95,0,roles_full,0.95,135
0.44229373480491857,0.405,0.195,0.4,0.005,0.3,0.1,0.3089173526224851,0.47925448677336613,0.95,0,roles_full,0.95,136
0.4440086977270542,0.43,0.19,0.38,0.005,0.31,0.115,0.31137407359552205,0.4731249172165006,0.95,0,roles_full,0.95,137
0.433182458913,0.465,0.155,0.38,0.0,0.345,0.12,0.3009469606046216,0.4627623316109714,0.95,0,roles_full,0.95,138
0.4190648974828592,0.48,0.11,0.41,0.02,0.335,0.125,0.2754430915057491,0.43519631778382534,0.95,0,roles_full,0.95,139
0.4140763977406597,0.525,0.11,0.365,0.005,0.38,0.14,0.28122474211720144,0.4349173182296086,0.95,0,roles_full,0.95,140
0.4346364059785211,0.48,0.165,0.355,0.005,0.38,0.095,0.2970033911205393,0.47017170935958147,0.95,0,roles_full,0.95,141
0.42560694482726036,0.5,0.12,0.38,0.005,0.385,0.11,0.2896315831650877,0.4516152797807802,0.95,0,roles_full,0.95,142
0.4093332282923582,0.505,0.1,0.395,0.015,0.315,0.175,0.26654632535242123,0.426141672322286,0.95,0,roles_full,0.95,143
0.43670200753292876,0.44,0.16,0.4,0.005,0.33,0.105,0.3047361058547711,0.48198529243964855,0.95,0,roles_full,0.95,144
0.41853563549627554,0.51,0.085,0.405,0.0,0.385,0.125,0.28682222349328257,0.46129330340510605,0.95,0,roles_full,0.95,145
0.4496491274420124,0.43,0.185,0.385,0.005,0.33,0.095,0.31550977322605667,0.485197470018584,0.95,0,roles_full,0.95,146
0.4208868374697195,0.5,0.17,0.33,0.0,0.315,0.185,0.27966224256517297,0.43837462057433074,0.95,0,roles_full,0.95,147
0.4297368766385976,0.46,0.155,0.385,0.005,0.325,0.13,0.2954198369015977,0.4783402099475249,0.95,0,roles_full,0.95,148
0.42788587260801486,0.47,0.115,0.415,0.01,0.33,0.13,0.2918055781433364,0.4478759487645836,0.95,0,roles_full,0.95,149
