horizon,scenario,post_labor,run_id,sink_index,meaning_index
80,baseline,0.5,0,0.31,0.4844921438052882
120,baseline,0.5,0,0.25,0.49692467318640865
160,baseline,0.5,0,0.27,0.4923923870867581
240,baseline,0.5,0,0.285,0.49695976854136636
80,baseline,0.5,1,0.285,0.4911537696480883
120,baseline,0.5,1,0.205,0.5201066457176933
160,baseline,0.5,1,0.285,0.48443239591417864
240,baseline,0.5,1,0.335,0.4870671246203699
80,baseline,0.5,2,0.315,0.49206096373501196
120,baseline,0.5,2,0.265,0.49842781137583864
160,baseline,0.5,2,0.265,0.5017827234267113
240,baseline,0.5,2,0.27,0.48980446268995864
80,baseline,0.5,3,0.31,0.492380307071534
120,baseline,0.5,3,0.26,0.5035585023317336
160,baseline,0.5,3,0.31,0.4924698301714042
240,baseline,0.5,3,0.26,0.5030241781641593
80,baseline,0.5,4,0.305,0.48992744471572197
120,baseline,0.5,4,0.34,0.48507561111789793
160,baseline,0.5,4,0.35,0.4853546645037527
240,baseline,0.5,4,0.31,0.4781231353356861
80,baseline,0.5,5,0.265,0.5073121881622875
120,baseline,0.5,5,0.29,0.494650934086863
160,baseline,0.5,5,0.27,0.49290453481642066
240,baseline,0.5,5,0.295,0.4929805283216197
80,baseline,0.5,6,0.285,0.48883557857018617
120,baseline,0.5,6,0.295,0.49830502275908345
160,baseline,0.5,6,0.315,0.485383519690133
240,baseline,0.5,6,0.31,0.4915850533043323
80,baseline,0.5,7,0.315,0.49649013147114907
120,baseline,0.5,7,0.325,0.4899047982219366
160,baseline,0.5,7,0.3,0.49128941762367506
240,baseline,0.5,7,0.34,0.5013532848241152
80,baseline,0.5,8,0.31,0.4870380440773733
120,baseline,0.5,8,0.29,0.49133567822136526
160,baseline,0.5,8,0.315,0.49057040562178583
240,baseline,0.5,8,0.27,0.49275460967493984
80,baseline,0.5,9,0.305,0.504756294035729
120,baseline,0.5,9,0.34,0.4823283401784402
160,baseline,0.5,9,0.26,0.5044588247124838
240,baseline,0.5,9,0.34,0.4793411533080017
80,baseline,0.5,10,0.305,0.4846030106511448
120,baseline,0.5,10,0.3,0.48929479677373444
160,baseline,0.5,10,0.25,0.5039314719946898
240,baseline,0.5,10,0.205,0.4993817827863921
80,baseline,0.5,11,0.305,0.4937805619155171
120,baseline,0.5,11,0.26,0.4976363908121465
160,baseline,0.5,11,0.235,0.5101443616052876
240,baseline,0.5,11,0.295,0.487799529853757
80,baseline,0.5,12,0.32,0.4839173100557768
120,baseline,0.5,12,0.34,0.47880709541565286
160,baseline,0.5,12,0.355,0.47776231899822996
240,baseline,0.5,12,0.24,0.5109663066618502
80,baseline,0.5,13,0.255,0.5118853443349195
120,baseline,0.5,13,0.24,0.500550930955483
160,baseline,0.5,13,0.31,0.49140830024287624
240,baseline,0.5,13,0.305,0.48010544915177195
80,baseline,0.5,14,0.29,0.49171975541472024
120,baseline,0.5,14,0.31,0.49047613314706046
160,baseline,0.5,14,0.365,0.4889275004718225
240,baseline,0.5,14,0.305,0.492330525910301
80,baseline,0.5,15,0.305,0.4945876703549284
120,baseline,0.5,15,0.34,0.48284461015504326
160,baseline,0.5,15,0.335,0.47604943908666464
240,baseline,0.5,15,0.265,0.500792565885016
80,baseline,0.5,16,0.325,0.4941683393974528
120,baseline,0.5,16,0.3,0.50046256769804
160,baseline,0.5,16,0.325,0.48521246738359053
240,baseline,0.5,16,0.3,0.49361408734396744
80,baseline,0.5,17,0.33,0.486012222955179
120,baseline,0.5,17,0.265,0.5042994664822935
160,baseline,0.5,17,0.295,0.4760767876151887
240,baseline,0.5,17,0.28,0.49264497974135507
80,baseline,0.5,18,0.295,0.4971327842997047
120,baseline,0.5,18,0.305,0.4872156921379108
160,baseline,0.5,18,0.275,0.4899982495155386
240,baseline,0.5,18,0.34,0.47500635227906074
80,baseline,0.5,19,0.275,0.4978400093434914
120,baseline,0.5,19,0.27,0.5043126291803806
160,baseline,0.5,19,0.295,0.49046548084119806
240,baseline,0.5,19,0.255,0.5094032724932789
80,baseline,0.5,20,0.29,0.49030114198455055
120,baseline,0.5,20,0.315,0.48772043238445
160,baseline,0.5,20,0.3,0.48952301716682073
240,baseline,0.5,20,0.32,0.48974266649267434
80,baseline,0.5,21,0.255,0.49549816261547647
120,baseline,0.5,21,0.295,0.4981757904193018
160,baseline,0.5,21,0.295,0.48805729160450867
240,baseline,0.5,21,0.33,0.48028537322764847
80,baseline,0.5,22,0.295,0.49380904552221366
120,baseline,0.5,22,0.285,0.4937752492681583
160,baseline,0.5,22,0.28,0.4923619352581979
240,baseline,0.5,22,0.26,0.4988465310430311
80,baseline,0.5,23,0.255,0.5027444536275344
120,baseline,0.5,23,0.31,0.49369204007903505
160,baseline,0.5,23,0.335,0.4848330638842988
240,baseline,0.5,23,0.325,0.4896933183688608
80,baseline,0.5,24,0.265,0.4977734305520234
120,baseline,0.5,24,0.275,0.496323361172758
160,baseline,0.5,24,0.32,0.4937006383365471
240,baseline,0.5,24,0.28,0.4968407560083224
80,baseline,0.5,25,0.31,0.4919150363931993
120,baseline,0.5,25,0.28,0.5029387647171684
160,baseline,0.5,25,0.265,0.498206079786425
240,baseline,0.5,25,0.33,0.4792768025613166
80,baseline,0.5,26,0.285,0.48966822476106897
120,baseline,0.5,26,0.29,0.4922788302711587
160,baseline,0.5,26,0.285,0.5057152515798568
240,baseline,0.5,26,0.265,0.499538862926309
80,baseline,0.5,27,0.26,0.5031730428972248
120,baseline,0.5,27,0.31,0.48792662106970575
160,baseline,0.5,27,0.285,0.49031610346420484
240,baseline,0.5,27,0.285,0.49335538511573473
80,baseline,0.5,28,0.3,0.49842944980423354
120,baseline,0.5,28,0.34,0.48513007416305354
160,baseline,0.5,28,0.24,0.507235990907779
240,baseline,0.5,28,0.375,0.4833751989767699
80,baseline,0.5,29,0.265,0.4984626024923628
120,baseline,0.5,29,0.24,0.5102780701599547
160,baseline,0.5,29,0.26,0.49516015142847963
240,baseline,0.5,29,0.305,0.4940134288315059
80,baseline,0.5,30,0.335,0.48227682702578745
120,baseline,0.5,30,0.275,0.4950440188323428
160,baseline,0.5,30,0.33,0.4852288474124727
240,baseline,0.5,30,0.305,0.4907530370450786
80,baseline,0.5,31,0.325,0.47619140029010687
120,baseline,0.5,31,0.305,0.4930344681873007
160,baseline,0.5,31,0.325,0.4818501982478893
240,baseline,0.5,31,0.285,0.48775846394040956
80,baseline,0.5,32,0.295,0.5043186571792934
120,baseline,0.5,32,0.3,0.48790748741777
160,baseline,0.5,32,0.31,0.4835447712058068
240,baseline,0.5,32,0.315,0.48604513633982277
80,baseline,0.5,33,0.28,0.49511690524345675
120,baseline,0.5,33,0.28,0.49441472279760235
160,baseline,0.5,33,0.3,0.5013470120947806
240,baseline,0.5,33,0.24,0.5074903923772669
80,baseline,0.5,34,0.305,0.4910778302772624
120,baseline,0.5,34,0.29,0.5030617199825422
160,baseline,0.5,34,0.31,0.48601988035504107
240,baseline,0.5,34,0.27,0.5023231311175133
80,baseline,0.5,35,0.27,0.5053826190149846
120,baseline,0.5,35,0.295,0.4842783008731064
160,baseline,0.5,35,0.295,0.4949456013746746
240,baseline,0.5,35,0.325,0.48347640612277687
80,baseline,0.5,36,0.24,0.5005071827985063
120,baseline,0.5,36,0.33,0.4893031738117804
160,baseline,0.5,36,0.26,0.47978524933945577
240,baseline,0.5,36,0.28,0.49059962826547193
80,baseline,0.5,37,0.315,0.4920844913920358
120,baseline,0.5,37,0.315,0.4898596753960615
160,baseline,0.5,37,0.31,0.4864998372394876
240,baseline,0.5,37,0.27,0.5017490803342332
80,baseline,0.5,38,0.315,0.4826875640768614
120,baseline,0.5,38,0.305,0.4845850946131829
160,baseline,0.5,38,0.3,0.48343238871487204
240,baseline,0.5,38,0.325,0.47986136790634143
80,baseline,0.5,39,0.285,0.5006103166341862
120,baseline,0.5,39,0.285,0.4894891177535659
160,baseline,0.5,39,0.295,0.4907460444654572
240,baseline,0.5,39,0.345,0.47747878058269505
80,baseline,0.5,40,0.265,0.5035914250101454
120,baseline,0.5,40,0.3,0.4795792109214749
160,baseline,0.5,40,0.3,0.4979726495458918
240,baseline,0.5,40,0.305,0.4903368702748662
80,baseline,0.5,41,0.3,0.4980494855928835
120,baseline,0.5,41,0.29,0.4928447806744529
160,baseline,0.5,41,0.365,0.488462747316018
240,baseline,0.5,41,0.33,0.48616770484297206
80,baseline,0.5,42,0.33,0.4777606739372208
120,baseline,0.5,42,0.38,0.47782535400176274
160,baseline,0.5,42,0.305,0.4849522808593829
240,baseline,0.5,42,0.285,0.49558948855040286
80,baseline,0.5,43,0.275,0.49791613289818654
120,baseline,0.5,43,0.255,0.49836277200652934
160,baseline,0.5,43,0.29,0.49340037090867694
240,baseline,0.5,43,0.275,0.4934390330284698
80,baseline,0.5,44,0.265,0.5022055877497922
120,baseline,0.5,44,0.33,0.4918987663205966
160,baseline,0.5,44,0.27,0.5029783575922915
240,baseline,0.5,44,0.285,0.49203611074598214
80,baseline,0.5,45,0.295,0.4968609491598326
120,baseline,0.5,45,0.325,0.4848141830708145
160,baseline,0.5,45,0.325,0.49249560731094577
240,baseline,0.5,45,0.335,0.48801564993822394
80,baseline,0.5,46,0.3,0.48794798474511575
120,baseline,0.5,46,0.36,0.48981116286374843
160,baseline,0.5,46,0.255,0.5007323926336685
240,baseline,0.5,46,0.31,0.49435941685128326
80,baseline,0.5,47,0.285,0.4964628465837042
120,baseline,0.5,47,0.265,0.5060070713418228
160,baseline,0.5,47,0.28,0.5062434816361846
240,baseline,0.5,47,0.33,0.48964304098762496
80,baseline,0.5,48,0.275,0.5062814360493285
120,baseline,0.5,48,0.275,0.49298132495106345
160,baseline,0.5,48,0.3,0.49267231992622557
240,baseline,0.5,48,0.29,0.4886438809171231
80,baseline,0.5,49,0.245,0.5064360024203559
120,baseline,0.5,49,0.28,0.49026904175227054
160,baseline,0.5,49,0.285,0.49392858474307283
240,baseline,0.5,49,0.3,0.492939634637332
80,ubi_only,0.5,0,0.135,0.5375390451114113
120,ubi_only,0.5,0,0.12,0.549137872112076
160,ubi_only,0.5,0,0.13,0.5436656353039052
240,ubi_only,0.5,0,0.155,0.5466480582208617
80,ubi_only,0.5,1,0.165,0.541402183476078
120,ubi_only,0.5,1,0.1,0.5707116639217289
160,ubi_only,0.5,1,0.145,0.5375011114152166
240,ubi_only,0.5,1,0.175,0.5401713423964074
80,ubi_only,0.5,2,0.13,0.5464192741755717
120,ubi_only,0.5,2,0.145,0.5508753439850219
160,ubi_only,0.5,2,0.14,0.5536554076955751
240,ubi_only,0.5,2,0.185,0.5402609308176225
80,ubi_only,0.5,3,0.165,0.5435048825954841
120,ubi_only,0.5,3,0.135,0.5538194770475281
160,ubi_only,0.5,3,0.17,0.5428226228830288
240,ubi_only,0.5,3,0.12,0.5540892074915297
80,ubi_only,0.5,4,0.16,0.5409679151996925
120,ubi_only,0.5,4,0.195,0.5363913755857586
160,ubi_only,0.5,4,0.2,0.5371560572681716
240,ubi_only,0.5,4,0.18,0.529205839550575
80,ubi_only,0.5,5,0.165,0.5586102017822817
120,ubi_only,0.5,5,0.12,0.5475882893022371
160,ubi_only,0.5,5,0.16,0.5429830607849495
240,ubi_only,0.5,5,0.14,0.5446372184921909
80,ubi_only,0.5,6,0.18,0.5396611593743031
120,ubi_only,0.5,6,0.185,0.5477788174339397
160,ubi_only,0.5,6,0.19,0.5371048763877794
240,ubi_only,0.5,6,0.165,0.5426912673298381
80,ubi_only,0.5,7,0.145,0.5501604343603751
120,ubi_only,0.5,7,0.17,0.5418436856994494
160,ubi_only,0.5,7,0.175,0.5430280184310929
240,ubi_only,0.5,7,0.175,0.5534181856688126
80,ubi_only,0.5,8,0.165,0.5399430243085085
120,ubi_only,0.5,8,0.15,0.5419336228324948
160,ubi_only,0.5,8,0.14,0.5428679914759003
240,ubi_only,0.5,8,0.155,0.54252028648367
80,ubi_only,0.5,9,0.16,0.5554633364202399
120,ubi_only,0.5,9,0.21,0.5333385382459547
160,ubi_only,0.5,9,0.14,0.5557101328112701
240,ubi_only,0.5,9,0.18,0.5309578179841395
80,ubi_only,0.5,10,0.15,0.5366402147285443
120,ubi_only,0.5,10,0.19,0.5407380201794874
160,ubi_only,0.5,10,0.13,0.554548120773493
240,ubi_only,0.5,10,0.11,0.5485122509720424
80,ubi_only,0.5,11,0.175,0.5442301031993834
120,ubi_only,0.5,11,0.155,0.54730054379092
160,ubi_only,0.5,11,0.125,0.5624944757901887
240,ubi_only,0.5,11,0.175,0.537791253672034
80,ubi_only,0.5,12,0.215,0.533947541636702
120,ubi_only,0.5,12,0.215,0.5298598696419756
160,ubi_only,0.5,12,0.17,0.5300142858083297
240,ubi_only,0.5,12,0.13,0.5621778585597074
80,ubi_only,0.5,13,0.165,0.5618293751149277
120,ubi_only,0.5,13,0.14,0.5521711503204463
160,ubi_only,0.5,13,0.19,0.5412439454725692
240,ubi_only,0.5,13,0.175,0.5303334218317529
80,ubi_only,0.5,14,0.145,0.5438486840275318
120,ubi_only,0.5,14,0.2,0.540612261274557
160,ubi_only,0.5,14,0.22,0.5407852262890509
240,ubi_only,0.5,14,0.155,0.544863676617729
80,ubi_only,0.5,15,0.155,0.5467620357094886
120,ubi_only,0.5,15,0.155,0.5363643448899583
160,ubi_only,0.5,15,0.215,0.5281894933708223
240,ubi_only,0.5,15,0.145,0.5521474882720342
80,ubi_only,0.5,16,0.165,0.5462441233353766
120,ubi_only,0.5,16,0.13,0.5518032181263753
160,ubi_only,0.5,16,0.18,0.538902527789189
240,ubi_only,0.5,16,0.13,0.5458497305884528
80,ubi_only,0.5,17,0.165,0.5377161723173426
120,ubi_only,0.5,17,0.17,0.5549272996335846
160,ubi_only,0.5,17,0.185,0.5275158395423257
240,ubi_only,0.5,17,0.155,0.5450651751060711
80,ubi_only,0.5,18,0.165,0.5471525859701082
120,ubi_only,0.5,18,0.17,0.5395392951676748
160,ubi_only,0.5,18,0.13,0.5414259572416564
240,ubi_only,0.5,18,0.225,0.5264687340087001
80,ubi_only,0.5,19,0.145,0.5482745482165388
120,ubi_only,0.5,19,0.155,0.556064642260555
160,ubi_only,0.5,19,0.175,0.5429869576546479
240,ubi_only,0.5,19,0.105,0.5622476141075634
80,ubi_only,0.5,20,0.185,0.5417018842503062
120,ubi_only,0.5,20,0.19,0.5391496047866413
160,ubi_only,0.5,20,0.145,0.5438769299427797
240,ubi_only,0.5,20,0.155,0.5431942157047317
80,ubi_only,0.5,21,0.145,0.5456666838699268
120,ubi_only,0.5,21,0.16,0.5502659200176017
160,ubi_only,0.5,21,0.155,0.5401855029467383
240,ubi_only,0.5,21,0.19,0.5315999027935593
80,ubi_only,0.5,22,0.155,0.5457424742643366
120,ubi_only,0.5,22,0.17,0.5447283697712797
160,ubi_only,0.5,22,0.155,0.5431202985573362
240,ubi_only,0.5,22,0.155,0.549646161257898
80,ubi_only,0.5,23,0.135,0.5545278126260713
120,ubi_only,0.5,23,0.17,0.5462938591091532
160,ubi_only,0.5,23,0.195,0.5362719684411326
240,ubi_only,0.5,23,0.18,0.5415645779310954
80,ubi_only,0.5,24,0.155,0.5482323031397748
120,ubi_only,0.5,24,0.165,0.5466212437346861
160,ubi_only,0.5,24,0.145,0.5453968485340476
240,ubi_only,0.5,24,0.135,0.5493170196683317
80,ubi_only,0.5,25,0.15,0.5449598993954878
120,ubi_only,0.5,25,0.175,0.5544578153609098
160,ubi_only,0.5,25,0.125,0.5495333677314381
240,ubi_only,0.5,25,0.215,0.5307620641834718
80,ubi_only,0.5,26,0.155,0.5416315839766306
120,ubi_only,0.5,26,0.2,0.542261650307885
160,ubi_only,0.5,26,0.125,0.5573353428036288
240,ubi_only,0.5,26,0.16,0.5494488004346363
80,ubi_only,0.5,27,0.155,0.5533731123391064
120,ubi_only,0.5,27,0.195,0.5387559566827547
160,ubi_only,0.5,27,0.185,0.5399438364025996
240,ubi_only,0.5,27,0.165,0.544714448525499
80,ubi_only,0.5,28,0.15,0.550903195127512
120,ubi_only,0.5,28,0.155,0.538442054265206
160,ubi_only,0.5,28,0.13,0.5582942762222187
240,ubi_only,0.5,28,0.17,0.5363015729432832
80,ubi_only,0.5,29,0.13,0.548790824392321
120,ubi_only,0.5,29,0.15,0.5592878020131193
160,ubi_only,0.5,29,0.155,0.5460732553715212
240,ubi_only,0.5,29,0.115,0.5468023135158225
80,ubi_only,0.5,30,0.16,0.5362955403431033
120,ubi_only,0.5,30,0.17,0.5462394375601163
160,ubi_only,0.5,30,0.195,0.5358932361844405
240,ubi_only,0.5,30,0.185,0.5418732756954243
80,ubi_only,0.5,31,0.15,0.5285057774041989
120,ubi_only,0.5,31,0.155,0.5445372540203725
160,ubi_only,0.5,31,0.17,0.533134974676032
240,ubi_only,0.5,31,0.175,0.5390858706805549
80,ubi_only,0.5,32,0.135,0.5567039631911387
120,ubi_only,0.5,32,0.195,0.5385291658208383
160,ubi_only,0.5,32,0.16,0.5353205820128933
240,ubi_only,0.5,32,0.185,0.5360102806640044
80,ubi_only,0.5,33,0.16,0.5470191113174387
120,ubi_only,0.5,33,0.155,0.5456271634194776
160,ubi_only,0.5,33,0.145,0.5538886261594055
240,ubi_only,0.5,33,0.125,0.5589908736566939
80,ubi_only,0.5,34,0.16,0.5436431061411597
120,ubi_only,0.5,34,0.16,0.5556852462500207
160,ubi_only,0.5,34,0.175,0.5369187000229217
240,ubi_only,0.5,34,0.165,0.5522035193580112
80,ubi_only,0.5,35,0.13,0.5567249896775506
120,ubi_only,0.5,35,0.19,0.5355885994280372
160,ubi_only,0.5,35,0.15,0.5464559821454822
240,ubi_only,0.5,35,0.18,0.5346246099709441
80,ubi_only,0.5,36,0.14,0.5521891835693586
120,ubi_only,0.5,36,0.18,0.5400918182064397
160,ubi_only,0.5,36,0.16,0.532026529644825
240,ubi_only,0.5,36,0.17,0.541866658023918
80,ubi_only,0.5,37,0.19,0.543310127233326
120,ubi_only,0.5,37,0.135,0.5438169614067268
160,ubi_only,0.5,37,0.14,0.5389053555869608
240,ubi_only,0.5,37,0.145,0.5516433302924767
80,ubi_only,0.5,38,0.18,0.5360407925256458
120,ubi_only,0.5,38,0.145,0.5377499532949562
160,ubi_only,0.5,38,0.18,0.5343353619494603
240,ubi_only,0.5,38,0.19,0.5318407199029633
80,ubi_only,0.5,39,0.16,0.5523753353877741
120,ubi_only,0.5,39,0.15,0.5404514823724341
160,ubi_only,0.5,39,0.135,0.543947199803733
240,ubi_only,0.5,39,0.16,0.5316181370171584
80,ubi_only,0.5,40,0.14,0.5549851513729077
120,ubi_only,0.5,40,0.2,0.5307115210562867
160,ubi_only,0.5,40,0.14,0.5513016171730825
240,ubi_only,0.5,40,0.16,0.5417165890430989
80,ubi_only,0.5,41,0.18,0.5483777910661183
120,ubi_only,0.5,41,0.155,0.54535403505797
160,ubi_only,0.5,41,0.18,0.5415504727820718
240,ubi_only,0.5,41,0.185,0.5384190587230728
80,ubi_only,0.5,42,0.19,0.5287530126455554
120,ubi_only,0.5,42,0.16,0.5328529167411221
160,ubi_only,0.5,42,0.18,0.5366079759051405
240,ubi_only,0.5,42,0.175,0.5455347687297465
80,ubi_only,0.5,43,0.13,0.5499872272432785
120,ubi_only,0.5,43,0.175,0.5482744960803858
160,ubi_only,0.5,43,0.18,0.5449311866500437
240,ubi_only,0.5,43,0.165,0.5438626303968384
80,ubi_only,0.5,44,0.15,0.5541261751551843
120,ubi_only,0.5,44,0.215,0.5434146302640097
160,ubi_only,0.5,44,0.15,0.5528102329442998
240,ubi_only,0.5,44,0.14,0.544257052235741
80,ubi_only,0.5,45,0.15,0.54913147046564
120,ubi_only,0.5,45,0.205,0.5362289779357087
160,ubi_only,0.5,45,0.16,0.5444288078095948
240,ubi_only,0.5,45,0.17,0.5398938738708244
80,ubi_only,0.5,46,0.195,0.5393733721192854
120,ubi_only,0.5,46,0.15,0.5439826116442077
160,ubi_only,0.5,46,0.13,0.553237883077236
240,ubi_only,0.5,46,0.14,0.5470593502823179
80,ubi_only,0.5,47,0.145,0.5476459783498128
120,ubi_only,0.5,47,0.115,0.5567566956704253
160,ubi_only,0.5,47,0.135,0.5573185944321483
240,ubi_only,0.5,47,0.165,0.5407715123577083
80,ubi_only,0.5,48,0.135,0.5560621639638516
120,ubi_only,0.5,48,0.165,0.5439312947110598
160,ubi_only,0.5,48,0.185,0.5442157794766075
240,ubi_only,0.5,48,0.18,0.5400092297494808
80,ubi_only,0.5,49,0.16,0.5551581142957918
120,ubi_only,0.5,49,0.13,0.5439170894821692
160,ubi_only,0.5,49,0.165,0.5443508729131673
240,ubi_only,0.5,49,0.17,0.5450362859098332
80,full_bundle,0.5,0,0.035,0.6220928080761522
120,full_bundle,0.5,0,0.035,0.6333917462276563
160,full_bundle,0.5,0,0.035,0.6292631117041471
240,full_bundle,0.5,0,0.03,0.6315520314145072
80,full_bundle,0.5,1,0.06,0.6261583172103272
120,full_bundle,0.5,1,0.015,0.6514889896776915
160,full_bundle,0.5,1,0.015,0.6239703033058711
240,full_bundle,0.5,1,0.035,0.6252106070347706
80,full_bundle,0.5,2,0.02,0.6307563982592241
120,full_bundle,0.5,2,0.04,0.6336278089960654
160,full_bundle,0.5,2,0.03,0.6373613350241031
240,full_bundle,0.5,2,0.045,0.6254415807646538
80,full_bundle,0.5,3,0.045,0.6272883233733474
120,full_bundle,0.5,3,0.035,0.6365026248013406
160,full_bundle,0.5,3,0.055,0.627052630069255
240,full_bundle,0.5,3,0.015,0.6374853345567434
80,full_bundle,0.5,4,0.045,0.6267058289207008
120,full_bundle,0.5,4,0.075,0.6201263613555623
160,full_bundle,0.5,4,0.04,0.6234860466041581
240,full_bundle,0.5,4,0.025,0.6156627009544288
80,full_bundle,0.5,5,0.05,0.642316623521547
120,full_bundle,0.5,5,0.02,0.6328613179423845
160,full_bundle,0.5,5,0.055,0.6262940854536826
240,full_bundle,0.5,5,0.045,0.6283387277409007
80,full_bundle,0.5,6,0.06,0.6253616406156008
120,full_bundle,0.5,6,0.055,0.6323898267772126
160,full_bundle,0.5,6,0.025,0.6235739730025575
240,full_bundle,0.5,6,0.03,0.6288343256727211
80,full_bundle,0.5,7,0.015,0.6363502849755198
120,full_bundle,0.5,7,0.03,0.6268257521825211
160,full_bundle,0.5,7,0.04,0.6287962956921018
240,full_bundle,0.5,7,0.035,0.6389213909931926
80,full_bundle,0.5,8,0.045,0.624553822256739
120,full_bundle,0.5,8,0.045,0.6253836227055409
160,full_bundle,0.5,8,0.045,0.626813215451977
240,full_bundle,0.5,8,0.04,0.6268858386283838
80,full_bundle,0.5,9,0.045,0.638292747620766
120,full_bundle,0.5,9,0.05,0.6196204164706629
160,full_bundle,0.5,9,0.04,0.6397783860289892
240,full_bundle,0.5,9,0.035,0.6169183863154936
80,full_bundle,0.5,10,0.04,0.6217578974601962
120,full_bundle,0.5,10,0.04,0.6261596153324416
160,full_bundle,0.5,10,0.03,0.6370773534427328
240,full_bundle,0.5,10,0.02,0.632577732611947
80,full_bundle,0.5,11,0.045,0.6269880332326634
120,full_bundle,0.5,11,0.05,0.6306729359852943
160,full_bundle,0.5,11,0.025,0.6458480894440461
240,full_bundle,0.5,11,0.03,0.6232345500502937
80,full_bundle,0.5,12,0.06,0.6196913554430297
120,full_bundle,0.5,12,0.03,0.6175021489690644
160,full_bundle,0.5,12,0.05,0.6170117685596108
240,full_bundle,0.5,12,0.015,0.6466064507173129
80,full_bundle,0.5,13,0.03,0.645383411451266
120,full_bundle,0.5,13,0.035,0.6352710406770676
160,full_bundle,0.5,13,0.045,0.6270648175457332
240,full_bundle,0.5,13,0.055,0.6170470496899739
80,full_bundle,0.5,14,0.035,0.6292986596521258
120,full_bundle,0.5,14,0.055,0.6269794145705141
160,full_bundle,0.5,14,0.05,0.6254768844460856
240,full_bundle,0.5,14,0.035,0.6304741027314922
80,full_bundle,0.5,15,0.03,0.6339124522751708
120,full_bundle,0.5,15,0.045,0.6221353235142983
160,full_bundle,0.5,15,0.05,0.6147150923746696
240,full_bundle,0.5,15,0.03,0.6366136803593234
80,full_bundle,0.5,16,0.045,0.6303016704197155
120,full_bundle,0.5,16,0.02,0.6342551811265871
160,full_bundle,0.5,16,0.03,0.6233718994154909
240,full_bundle,0.5,16,0.03,0.6292721635488718
80,full_bundle,0.5,17,0.045,0.621053670517684
120,full_bundle,0.5,17,0.045,0.6376298182453884
160,full_bundle,0.5,17,0.07,0.6125222568972685
240,full_bundle,0.5,17,0.035,0.6287232280650865
80,full_bundle,0.5,18,0.055,0.6306083539900942
120,full_bundle,0.5,18,0.045,0.6243458210004733
160,full_bundle,0.5,18,0.035,0.6254326647139394
240,full_bundle,0.5,18,0.065,0.613190078283169
80,full_bundle,0.5,19,0.03,0.6334485850465095
120,full_bundle,0.5,19,0.045,0.6402800804135316
160,full_bundle,0.5,19,0.065,0.6259749457354851
240,full_bundle,0.5,19,0.015,0.6445494243121019
80,full_bundle,0.5,20,0.065,0.6255972323611847
120,full_bundle,0.5,20,0.03,0.6237873426000093
160,full_bundle,0.5,20,0.06,0.6277630550320309
240,full_bundle,0.5,20,0.025,0.628663570644509
80,full_bundle,0.5,21,0.05,0.628685173944203
120,full_bundle,0.5,21,0.03,0.6335200199489893
160,full_bundle,0.5,21,0.045,0.6238574532536195
240,full_bundle,0.5,21,0.05,0.618550667910989
80,full_bundle,0.5,22,0.04,0.6294120341586412
120,full_bundle,0.5,22,0.045,0.6287788604332367
160,full_bundle,0.5,22,0.03,0.6288075518972194
240,full_bundle,0.5,22,0.04,0.633865228036714
80,full_bundle,0.5,23,0.04,0.6383364523625599
120,full_bundle,0.5,23,0.045,0.6303001254707941
160,full_bundle,0.5,23,0.065,0.620549827552531
240,full_bundle,0.5,23,0.04,0.6266868253200224
80,full_bundle,0.5,24,0.03,0.6336760960115643
120,full_bundle,0.5,24,0.04,0.6299398782572262
160,full_bundle,0.5,24,0.04,0.6303941250181426
240,full_bundle,0.5,24,0.055,0.6337379863930892
80,full_bundle,0.5,25,0.045,0.6285485721801153
120,full_bundle,0.5,25,0.03,0.6408382619123817
160,full_bundle,0.5,25,0.03,0.6330385652181181
240,full_bundle,0.5,25,0.04,0.6177618106281129
80,full_bundle,0.5,26,0.025,0.627264500873734
120,full_bundle,0.5,26,0.035,0.6289794441191559
160,full_bundle,0.5,26,0.055,0.6392104757947069
240,full_bundle,0.5,26,0.055,0.6335357165425456
80,full_bundle,0.5,27,0.05,0.637675134286412
120,full_bundle,0.5,27,0.045,0.6254518560898856
160,full_bundle,0.5,27,0.025,0.626126291368838
240,full_bundle,0.5,27,0.04,0.6292679509965227
80,full_bundle,0.5,28,0.015,0.6358572336943853
120,full_bundle,0.5,28,0.03,0.6241333333766017
160,full_bundle,0.5,28,0.04,0.6410473033635108
240,full_bundle,0.5,28,0.035,0.6214245538720694
80,full_bundle,0.5,29,0.025,0.6342851722778443
120,full_bundle,0.5,29,0.035,0.6439369446776562
160,full_bundle,0.5,29,0.05,0.6316517870019903
240,full_bundle,0.5,29,0.02,0.6309842210616473
80,full_bundle,0.5,30,0.045,0.6210795000789756
120,full_bundle,0.5,30,0.06,0.6301229297790628
160,full_bundle,0.5,30,0.05,0.6219471613218883
240,full_bundle,0.5,30,0.04,0.6268276425570176
80,full_bundle,0.5,31,0.04,0.6131740299277355
120,full_bundle,0.5,31,0.035,0.6303218752175109
160,full_bundle,0.5,31,0.05,0.617439819685452
240,full_bundle,0.5,31,0.03,0.6248005887174543
80,full_bundle,0.5,32,0.025,0.639893038450283
120,full_bundle,0.5,32,0.055,0.6248783056009635
160,full_bundle,0.5,32,0.045,0.6204479456508885
240,full_bundle,0.5,32,0.035,0.6221926065632125
80,full_bundle,0.5,33,0.035,0.6324138977695415
120,full_bundle,0.5,33,0.035,0.6296990192476537
160,full_bundle,0.5,33,0.05,0.6378237548122827
240,full_bundle,0.5,33,0.035,0.6417896685499295
80,full_bundle,0.5,34,0.02,0.6284255261379985
120,full_bundle,0.5,34,0.04,0.6398669075198633
160,full_bundle,0.5,34,0.025,0.621883382059938
240,full_bundle,0.5,34,0.045,0.6348850112371411
80,full_bundle,0.5,35,0.01,0.6387470105121316
120,full_bundle,0.5,35,0.065,0.618885724284928
160,full_bundle,0.5,35,0.04,0.6313384531105047
240,full_bundle,0.5,35,0.045,0.6207325833843016
80,full_bundle,0.5,36,0.035,0.6369751565597528
120,full_bundle,0.5,36,0.05,0.6258552145130004
160,full_bundle,0.5,36,0.055,0.6172904050491609
240,full_bundle,0.5,36,0.035,0.6264031619155537
80,full_bundle,0.5,37,0.04,0.6283513023247335
120,full_bundle,0.5,37,0.025,0.6272305583207703
160,full_bundle,0.5,37,0.035,0.623018502756949
240,full_bundle,0.5,37,0.045,0.6348529161748823
80,full_bundle,0.5,38,0.03,0.622685050981283
120,full_bundle,0.5,38,0.025,0.6241656267683257
160,full_bundle,0.5,38,0.045,0.619556477647118
240,full_bundle,0.5,38,0.04,0.6179191638923686
80,full_bundle,0.5,39,0.055,0.6359084927924696
120,full_bundle,0.5,39,0.025,0.6258507773165323
160,full_bundle,0.5,39,0.025,0.62887100894965
240,full_bundle,0.5,39,0.05,0.6173847808010055
80,full_bundle,0.5,40,0.045,0.6402523485303704
120,full_bundle,0.5,40,0.035,0.61803487824366
160,full_bundle,0.5,40,0.03,0.6355217352313303
240,full_bundle,0.5,40,0.04,0.6273878411678397
80,full_bundle,0.5,41,0.035,0.6318298849438746
120,full_bundle,0.5,41,0.02,0.6311050698570676
160,full_bundle,0.5,41,0.025,0.6284220891947039
240,full_bundle,0.5,41,0.035,0.6241826990593032
80,full_bundle,0.5,42,0.05,0.6147672137262898
120,full_bundle,0.5,42,0.04,0.6189877305838076
160,full_bundle,0.5,42,0.03,0.6216067023152532
240,full_bundle,0.5,42,0.035,0.6291453606436346
80,full_bundle,0.5,43,0.035,0.6358444337206397
120,full_bundle,0.5,43,0.045,0.6340852401847776
160,full_bundle,0.5,43,0.035,0.6291125082406194
240,full_bundle,0.5,43,0.04,0.6283870899188422
80,full_bundle,0.5,44,0.015,0.6380671869958084
120,full_bundle,0.5,44,0.055,0.6295080966134323
160,full_bundle,0.5,44,0.025,0.6354897668669027
240,full_bundle,0.5,44,0.035,0.6287122525002355
80,full_bundle,0.5,45,0.05,0.6308287717034521
120,full_bundle,0.5,45,0.06,0.6218996420501444
160,full_bundle,0.5,45,0.025,0.6284050142403236
240,full_bundle,0.5,45,0.035,0.6253706491721983
80,full_bundle,0.5,46,0.025,0.6256959127870174
120,full_bundle,0.5,46,0.015,0.6310775488136428
160,full_bundle,0.5,46,0.02,0.639188344282446
240,full_bundle,0.5,46,0.045,0.6301684025344504
80,full_bundle,0.5,47,0.03,0.6335914495954142
120,full_bundle,0.5,47,0.045,0.6387057661980833
160,full_bundle,0.5,47,0.03,0.6404872849352304
240,full_bundle,0.5,47,0.065,0.626954758257993
80,full_bundle,0.5,48,0.045,0.6391886889846351
120,full_bundle,0.5,48,0.035,0.629834241894272
160,full_bundle,0.5,48,0.045,0.6310958768483023
240,full_bundle,0.5,48,0.03,0.6248076356063312
80,full_bundle,0.5,49,0.035,0.6380317598630375
120,full_bundle,0.5,49,0.03,0.6261606542880818
160,full_bundle,0.5,49,0.035,0.629392903437259
240,full_bundle,0.5,49,0.035,0.6308299826637963
80,baseline,0.8,0,0.635,0.3781711536656065
120,baseline,0.8,0,0.63,0.3874326631403245
160,baseline,0.8,0,0.585,0.39323668320165917
240,baseline,0.8,0,0.695,0.3690225326981516
80,baseline,0.8,1,0.635,0.38602544817792916
120,baseline,0.8,1,0.65,0.3757610479368711
160,baseline,0.8,1,0.55,0.39451194482185137
240,baseline,0.8,1,0.645,0.37777799154261743
80,baseline,0.8,2,0.61,0.38620684292601754
120,baseline,0.8,2,0.59,0.39406786600546895
160,baseline,0.8,2,0.605,0.38475421507100616
240,baseline,0.8,2,0.57,0.39739793466047674
80,baseline,0.8,3,0.61,0.38580402038204553
120,baseline,0.8,3,0.555,0.39733160893296415
160,baseline,0.8,3,0.59,0.38389506055934725
240,baseline,0.8,3,0.64,0.3814538760144842
80,baseline,0.8,4,0.64,0.3853529099494666
120,baseline,0.8,4,0.655,0.37683365119514745
160,baseline,0.8,4,0.645,0.38622374356261735
240,baseline,0.8,4,0.665,0.36886700943328066
80,baseline,0.8,5,0.605,0.39355735257476027
120,baseline,0.8,5,0.575,0.39609445594014103
160,baseline,0.8,5,0.635,0.3902809309265474
240,baseline,0.8,5,0.615,0.39302217395952527
80,baseline,0.8,6,0.615,0.38351183978970627
120,baseline,0.8,6,0.64,0.37699193811792503
160,baseline,0.8,6,0.64,0.36677160063322845
240,baseline,0.8,6,0.65,0.37942794894835236
80,baseline,0.8,7,0.59,0.3888224486625998
120,baseline,0.8,7,0.645,0.38451781401809626
160,baseline,0.8,7,0.62,0.3795756057915027
240,baseline,0.8,7,0.64,0.3818228760296691
80,baseline,0.8,8,0.615,0.38967177366260364
120,baseline,0.8,8,0.605,0.3836148424928168
160,baseline,0.8,8,0.675,0.3751883542995472
240,baseline,0.8,8,0.64,0.3797109841279764
80,baseline,0.8,9,0.67,0.3664694187168412
120,baseline,0.8,9,0.615,0.39478373506472864
160,baseline,0.8,9,0.55,0.4039955733896052
240,baseline,0.8,9,0.59,0.39251588245465285
80,baseline,0.8,10,0.535,0.3998955246281183
120,baseline,0.8,10,0.645,0.381866474259976
160,baseline,0.8,10,0.755,0.3603774322160927
240,baseline,0.8,10,0.67,0.37528011424822394
80,baseline,0.8,11,0.605,0.37768277208295187
120,baseline,0.8,11,0.645,0.38865851078665675
160,baseline,0.8,11,0.655,0.38280215046797084
240,baseline,0.8,11,0.625,0.3859092764118431
80,baseline,0.8,12,0.615,0.3806105499539797
120,baseline,0.8,12,0.66,0.38402045172525673
160,baseline,0.8,12,0.62,0.38076736406310974
240,baseline,0.8,12,0.615,0.3990528676955887
80,baseline,0.8,13,0.635,0.37612673464844065
120,baseline,0.8,13,0.605,0.3850502774161071
160,baseline,0.8,13,0.64,0.3834600255740264
240,baseline,0.8,13,0.625,0.38803987126566997
80,baseline,0.8,14,0.63,0.38465670413265374
120,baseline,0.8,14,0.605,0.37685859087428014
160,baseline,0.8,14,0.675,0.3678832128518624
240,baseline,0.8,14,0.64,0.3846783627533531
80,baseline,0.8,15,0.64,0.37203619953750433
120,baseline,0.8,15,0.67,0.3698028091036532
160,baseline,0.8,15,0.59,0.38240557689278665
240,baseline,0.8,15,0.68,0.36639855169347013
80,baseline,0.8,16,0.64,0.38225277339590674
120,baseline,0.8,16,0.65,0.3786010501172744
160,baseline,0.8,16,0.625,0.38056477155277046
240,baseline,0.8,16,0.585,0.39010756972757965
80,baseline,0.8,17,0.63,0.3843155970028123
120,baseline,0.8,17,0.67,0.37428969110650767
160,baseline,0.8,17,0.565,0.3923348305280466
240,baseline,0.8,17,0.625,0.3895723201440778
80,baseline,0.8,18,0.575,0.38708066123330637
120,baseline,0.8,18,0.65,0.3755708913246243
160,baseline,0.8,18,0.645,0.37405812891627904
240,baseline,0.8,18,0.635,0.383506548305472
80,baseline,0.8,19,0.61,0.38905873156091986
120,baseline,0.8,19,0.645,0.3735679312446256
160,baseline,0.8,19,0.65,0.3736006708487548
240,baseline,0.8,19,0.61,0.386128651017727
80,baseline,0.8,20,0.605,0.38273332443792524
120,baseline,0.8,20,0.645,0.377672804785187
160,baseline,0.8,20,0.585,0.3893693117489267
240,baseline,0.8,20,0.675,0.3762331966437183
80,baseline,0.8,21,0.76,0.3650745753059303
120,baseline,0.8,21,0.64,0.37800635248191156
160,baseline,0.8,21,0.56,0.383784801987113
240,baseline,0.8,21,0.57,0.3977566147115702
80,baseline,0.8,22,0.675,0.37466177046845334
120,baseline,0.8,22,0.605,0.3813346110110911
160,baseline,0.8,22,0.64,0.37844399894492786
240,baseline,0.8,22,0.625,0.3799989563989821
80,baseline,0.8,23,0.68,0.37116641461461525
120,baseline,0.8,23,0.595,0.3880604058501541
160,baseline,0.8,23,0.67,0.3780807807995967
240,baseline,0.8,23,0.585,0.39028462224137217
80,baseline,0.8,24,0.61,0.39418738362440725
120,baseline,0.8,24,0.655,0.38262259013393873
160,baseline,0.8,24,0.615,0.3865436972152459
240,baseline,0.8,24,0.65,0.37284926450811867
80,baseline,0.8,25,0.665,0.368817782957931
120,baseline,0.8,25,0.66,0.37428487129697957
160,baseline,0.8,25,0.65,0.3773062664564317
240,baseline,0.8,25,0.645,0.37006424590124426
80,baseline,0.8,26,0.635,0.3843053926353275
120,baseline,0.8,26,0.61,0.39278860930299603
160,baseline,0.8,26,0.615,0.3758737165895279
240,baseline,0.8,26,0.585,0.3990255492689477
80,baseline,0.8,27,0.645,0.38116529975136965
120,baseline,0.8,27,0.68,0.35697053403584467
160,baseline,0.8,27,0.64,0.3762972029290016
240,baseline,0.8,27,0.61,0.38859068876840497
80,baseline,0.8,28,0.59,0.38858940554269894
120,baseline,0.8,28,0.59,0.39305576475840726
160,baseline,0.8,28,0.6,0.38274928250640544
240,baseline,0.8,28,0.58,0.39367796734009447
80,baseline,0.8,29,0.635,0.3870056117226693
120,baseline,0.8,29,0.65,0.3808856265506941
160,baseline,0.8,29,0.615,0.3819730599761549
240,baseline,0.8,29,0.665,0.36173152534982106
80,baseline,0.8,30,0.67,0.36570701054055293
120,baseline,0.8,30,0.67,0.3693237171569526
160,baseline,0.8,30,0.63,0.38231765715556654
240,baseline,0.8,30,0.595,0.3990478827572531
80,baseline,0.8,31,0.655,0.3810912043119068
120,baseline,0.8,31,0.645,0.37735977226017703
160,baseline,0.8,31,0.6,0.39492854377849207
240,baseline,0.8,31,0.565,0.4041750432681664
80,baseline,0.8,32,0.62,0.37253887955450865
120,baseline,0.8,32,0.705,0.3754098747928572
160,baseline,0.8,32,0.65,0.3826629358062924
240,baseline,0.8,32,0.66,0.3803461974982949
80,baseline,0.8,33,0.63,0.3938130093471628
120,baseline,0.8,33,0.63,0.38061577731685936
160,baseline,0.8,33,0.63,0.37771650993466976
240,baseline,0.8,33,0.6,0.3838914312608985
80,baseline,0.8,34,0.63,0.38710112598463936
120,baseline,0.8,34,0.63,0.38891651664684546
160,baseline,0.8,34,0.575,0.3872735611067493
240,baseline,0.8,34,0.64,0.36663059411083665
80,baseline,0.8,35,0.64,0.368675218324681
120,baseline,0.8,35,0.62,0.3869745052416211
160,baseline,0.8,35,0.59,0.3880045071002538
240,baseline,0.8,35,0.655,0.38207342475969186
80,baseline,0.8,36,0.635,0.3786336371806838
120,baseline,0.8,36,0.65,0.38193986886094505
160,baseline,0.8,36,0.67,0.37586311123994365
240,baseline,0.8,36,0.61,0.3804719047360979
80,baseline,0.8,37,0.535,0.3976464822271268
120,baseline,0.8,37,0.555,0.40301377586262604
160,baseline,0.8,37,0.565,0.4036381312153813
240,baseline,0.8,37,0.6,0.3899424222355533
80,baseline,0.8,38,0.66,0.38379293463242403
120,baseline,0.8,38,0.635,0.38095963048061676
160,baseline,0.8,38,0.585,0.3846140638789734
240,baseline,0.8,38,0.655,0.3790112698137306
80,baseline,0.8,39,0.69,0.37549331826573495
120,baseline,0.8,39,0.665,0.3780626391317904
160,baseline,0.8,39,0.655,0.3695845296008817
240,baseline,0.8,39,0.565,0.39237206316926077
80,baseline,0.8,40,0.63,0.38397709638499095
120,baseline,0.8,40,0.62,0.378698199276072
160,baseline,0.8,40,0.625,0.38737610587978805
240,baseline,0.8,40,0.63,0.3768975351747532
80,baseline,0.8,41,0.665,0.37767342805521964
120,baseline,0.8,41,0.655,0.3899980024990103
160,baseline,0.8,41,0.57,0.3965967341756694
240,baseline,0.8,41,0.615,0.3815844797471742
80,baseline,0.8,42,0.595,0.3917888042210915
120,baseline,0.8,42,0.66,0.3721580610827666
160,baseline,0.8,42,0.655,0.3776163980757589
240,baseline,0.8,42,0.605,0.38380048438830394
80,baseline,0.8,43,0.625,0.37831297662644664
120,baseline,0.8,43,0.645,0.3789589861840892
160,baseline,0.8,43,0.565,0.39787411010950136
240,baseline,0.8,43,0.58,0.39195919683907227
80,baseline,0.8,44,0.64,0.389725291891752
120,baseline,0.8,44,0.62,0.3921424428520525
160,baseline,0.8,44,0.63,0.3886959922879838
240,baseline,0.8,44,0.605,0.3835415648707962
80,baseline,0.8,45,0.64,0.38062569828539694
120,baseline,0.8,45,0.705,0.36716256072084774
160,baseline,0.8,45,0.66,0.37225974875442164
240,baseline,0.8,45,0.635,0.38819518602872266
80,baseline,0.8,46,0.615,0.3868783058062586
120,baseline,0.8,46,0.615,0.38753464765355505
160,baseline,0.8,46,0.665,0.3740506539500871
240,baseline,0.8,46,0.66,0.3779219896102435
80,baseline,0.8,47,0.615,0.37951092706277506
120,baseline,0.8,47,0.64,0.3888668552162182
160,baseline,0.8,47,0.6,0.39516418070505366
240,baseline,0.8,47,0.645,0.3759169150048614
80,baseline,0.8,48,0.605,0.3854489675434941
120,baseline,0.8,48,0.64,0.3701963790602083
160,baseline,0.8,48,0.59,0.38377345223250164
240,baseline,0.8,48,0.655,0.37619833183022955
80,baseline,0.8,49,0.63,0.38318154667408905
120,baseline,0.8,49,0.59,0.3977121645418141
160,baseline,0.8,49,0.595,0.3861544134818958
240,baseline,0.8,49,0.615,0.3834360722504443
80,ubi_only,0.8,0,0.415,0.45411955395971115
120,ubi_only,0.8,0,0.325,0.46502998360375003
160,ubi_only,0.8,0,0.38,0.4672166100913243
240,ubi_only,0.8,0,0.41,0.4457815917435418
80,ubi_only,0.8,1,0.35,0.46627805987806
120,ubi_only,0.8,1,0.445,0.45341248989231175
160,ubi_only,0.8,1,0.335,0.47140660509921417
240,ubi_only,0.8,1,0.405,0.4540072187267721
80,ubi_only,0.8,2,0.415,0.46243636399716487
120,ubi_only,0.8,2,0.34,0.47081348988786087
160,ubi_only,0.8,2,0.345,0.4630781126570707
240,ubi_only,0.8,2,0.36,0.47238704927280123
80,ubi_only,0.8,3,0.395,0.4631377028533629
120,ubi_only,0.8,3,0.36,0.4727030605369883
160,ubi_only,0.8,3,0.38,0.4602032373011306
240,ubi_only,0.8,3,0.37,0.4610103141791742
80,ubi_only,0.8,4,0.4,0.46339048117723036
120,ubi_only,0.8,4,0.36,0.4536154320834246
160,ubi_only,0.8,4,0.375,0.463419460147193
240,ubi_only,0.8,4,0.455,0.44570911144575265
80,ubi_only,0.8,5,0.42,0.4688900492743675
120,ubi_only,0.8,5,0.365,0.47006220254536646
160,ubi_only,0.8,5,0.325,0.4693960860653547
240,ubi_only,0.8,5,0.335,0.47215492292750466
80,ubi_only,0.8,6,0.335,0.461316793243261
120,ubi_only,0.8,6,0.4,0.45444706948537006
160,ubi_only,0.8,6,0.45,0.44075313972027613
240,ubi_only,0.8,6,0.37,0.457168199288769
80,ubi_only,0.8,7,0.345,0.4663956943422992
120,ubi_only,0.8,7,0.315,0.4648312735554178
160,ubi_only,0.8,7,0.42,0.45500277302199293
240,ubi_only,0.8,7,0.38,0.45900533553935124
80,ubi_only,0.8,8,0.335,0.4689639859874559
120,ubi_only,0.8,8,0.39,0.4608888446375199
160,ubi_only,0.8,8,0.42,0.4523814075390073
240,ubi_only,0.8,8,0.375,0.4574148890169029
80,ubi_only,0.8,9,0.4,0.4437844561911632
120,ubi_only,0.8,9,0.365,0.47212228833336456
160,ubi_only,0.8,9,0.27,0.48260595289430985
240,ubi_only,0.8,9,0.36,0.4692039522499104
80,ubi_only,0.8,10,0.315,0.47592909102305464
120,ubi_only,0.8,10,0.355,0.46029416234679643
160,ubi_only,0.8,10,0.455,0.4402054691907316
240,ubi_only,0.8,10,0.445,0.4506195599763312
80,ubi_only,0.8,11,0.385,0.45462083053699764
120,ubi_only,0.8,11,0.36,0.46665232162705567
160,ubi_only,0.8,11,0.365,0.4595067749703459
240,ubi_only,0.8,11,0.375,0.46388883396659525
80,ubi_only,0.8,12,0.38,0.4568115471249884
120,ubi_only,0.8,12,0.375,0.46096051412326344
160,ubi_only,0.8,12,0.4,0.4555970224682669
240,ubi_only,0.8,12,0.35,0.47737821646286815
80,ubi_only,0.8,13,0.465,0.4487434678838395
120,ubi_only,0.8,13,0.355,0.4621821011682684
160,ubi_only,0.8,13,0.42,0.45919263899035895
240,ubi_only,0.8,13,0.39,0.46509684240854987
80,ubi_only,0.8,14,0.355,0.46250328577799815
120,ubi_only,0.8,14,0.415,0.45003860420043246
160,ubi_only,0.8,14,0.41,0.4468091150950721
240,ubi_only,0.8,14,0.38,0.46103003956880145
80,ubi_only,0.8,15,0.39,0.4515908664337175
120,ubi_only,0.8,15,0.41,0.4467499733923663
160,ubi_only,0.8,15,0.355,0.4590492612671212
240,ubi_only,0.8,15,0.44,0.44246668874127254
80,ubi_only,0.8,16,0.41,0.4582879224515115
120,ubi_only,0.8,16,0.4,0.4571909618680165
160,ubi_only,0.8,16,0.395,0.4566764411314712
240,ubi_only,0.8,16,0.37,0.4661238438535007
80,ubi_only,0.8,17,0.365,0.4612364904691087
120,ubi_only,0.8,17,0.42,0.45165558220866997
160,ubi_only,0.8,17,0.37,0.4668860384879167
240,ubi_only,0.8,17,0.37,0.4674676505438687
80,ubi_only,0.8,18,0.36,0.464841665969491
120,ubi_only,0.8,18,0.4,0.4513654082791051
160,ubi_only,0.8,18,0.435,0.45105706248947913
240,ubi_only,0.8,18,0.39,0.461127634387249
80,ubi_only,0.8,19,0.31,0.46711196662056453
120,ubi_only,0.8,19,0.415,0.4501392847597208
160,ubi_only,0.8,19,0.405,0.45103912851419287
240,ubi_only,0.8,19,0.395,0.46047328858880343
80,ubi_only,0.8,20,0.385,0.4590181117054162
120,ubi_only,0.8,20,0.395,0.4556565243878294
160,ubi_only,0.8,20,0.38,0.4636358559218513
240,ubi_only,0.8,20,0.405,0.4536088885890384
80,ubi_only,0.8,21,0.4,0.44600269887618593
120,ubi_only,0.8,21,0.435,0.45385762340791996
160,ubi_only,0.8,21,0.4,0.45756111249938414
240,ubi_only,0.8,21,0.32,0.4758872662428225
80,ubi_only,0.8,22,0.405,0.45086380785094415
120,ubi_only,0.8,22,0.385,0.45836020123891363
160,ubi_only,0.8,22,0.405,0.45346668432897164
240,ubi_only,0.8,22,0.36,0.45617344069756804
80,ubi_only,0.8,23,0.415,0.44759811137746647
120,ubi_only,0.8,23,0.39,0.4637941792178978
160,ubi_only,0.8,23,0.365,0.4595179400235313
240,ubi_only,0.8,23,0.31,0.46976900020050505
80,ubi_only,0.8,24,0.335,0.47349623715906114
120,ubi_only,0.8,24,0.375,0.46046537876483556
160,ubi_only,0.8,24,0.405,0.4631639332232493
240,ubi_only,0.8,24,0.425,0.44876910541612075
80,ubi_only,0.8,25,0.455,0.4433805049303113
120,ubi_only,0.8,25,0.455,0.44902451553509537
160,ubi_only,0.8,25,0.39,0.45425965294770765
240,ubi_only,0.8,25,0.43,0.44731211978942376
80,ubi_only,0.8,26,0.37,0.45973155134461147
120,ubi_only,0.8,26,0.355,0.4698014104821908
160,ubi_only,0.8,26,0.395,0.4509585614552371
240,ubi_only,0.8,26,0.305,0.47777946979545777
80,ubi_only,0.8,27,0.375,0.45872290815560307
120,ubi_only,0.8,27,0.47,0.43312339575088066
160,ubi_only,0.8,27,0.4,0.45163953295608505
240,ubi_only,0.8,27,0.29,0.46753943644218665
80,ubi_only,0.8,28,0.42,0.46204644213481916
120,ubi_only,0.8,28,0.325,0.47120108407409733
160,ubi_only,0.8,28,0.41,0.4575456221914276
240,ubi_only,0.8,28,0.35,0.4704207617871846
80,ubi_only,0.8,29,0.325,0.4664307240393707
120,ubi_only,0.8,29,0.365,0.4579695402043664
160,ubi_only,0.8,29,0.41,0.4589751190414568
240,ubi_only,0.8,29,0.455,0.43724681339334664
80,ubi_only,0.8,30,0.45,0.44264828490141306
120,ubi_only,0.8,30,0.395,0.44788110349683735
160,ubi_only,0.8,30,0.39,0.4590152054982752
240,ubi_only,0.8,30,0.29,0.477298473512028
80,ubi_only,0.8,31,0.385,0.45961572027851305
120,ubi_only,0.8,31,0.385,0.4558948824025787
160,ubi_only,0.8,31,0.295,0.4741385973047593
240,ubi_only,0.8,31,0.28,0.4831709895634926
80,ubi_only,0.8,32,0.41,0.4473202766572669
120,ubi_only,0.8,32,0.37,0.45496688901096016
160,ubi_only,0.8,32,0.355,0.46081969107894233
240,ubi_only,0.8,32,0.415,0.4566095813371485
80,ubi_only,0.8,33,0.325,0.4735739472479568
120,ubi_only,0.8,33,0.375,0.45798108785941705
160,ubi_only,0.8,33,0.405,0.4558311354703678
240,ubi_only,0.8,33,0.39,0.4584341942465519
80,ubi_only,0.8,34,0.375,0.46458935317363415
120,ubi_only,0.8,34,0.375,0.4655750414489648
160,ubi_only,0.8,34,0.375,0.46166896310106614
240,ubi_only,0.8,34,0.44,0.44305876227900626
80,ubi_only,0.8,35,0.39,0.44564439236211184
120,ubi_only,0.8,35,0.37,0.46464794958905187
160,ubi_only,0.8,35,0.345,0.46581762289296363
240,ubi_only,0.8,35,0.39,0.4603999849026964
80,ubi_only,0.8,36,0.45,0.4557326190121897
120,ubi_only,0.8,36,0.38,0.4603819146204893
160,ubi_only,0.8,36,0.395,0.4529781239466397
240,ubi_only,0.8,36,0.38,0.45824787653678956
80,ubi_only,0.8,37,0.335,0.47235511171196976
120,ubi_only,0.8,37,0.31,0.47906302647142474
160,ubi_only,0.8,37,0.33,0.4811368159644364
240,ubi_only,0.8,37,0.345,0.4688403316260192
80,ubi_only,0.8,38,0.365,0.4627890667024744
120,ubi_only,0.8,38,0.39,0.4572502467052098
160,ubi_only,0.8,38,0.39,0.4601860899110664
240,ubi_only,0.8,38,0.335,0.4593464354690988
80,ubi_only,0.8,39,0.355,0.45489023500760906
120,ubi_only,0.8,39,0.385,0.45607613781670525
160,ubi_only,0.8,39,0.42,0.4461453372615764
240,ubi_only,0.8,39,0.355,0.4679568307237062
80,ubi_only,0.8,40,0.385,0.459596540314231
120,ubi_only,0.8,40,0.38,0.45577651262963187
160,ubi_only,0.8,40,0.325,0.4665853197465065
240,ubi_only,0.8,40,0.41,0.4545630908012498
80,ubi_only,0.8,41,0.36,0.45733538333466245
120,ubi_only,0.8,41,0.36,0.4706342413243445
160,ubi_only,0.8,41,0.345,0.47337145042262746
240,ubi_only,0.8,41,0.375,0.4573678156828662
80,ubi_only,0.8,42,0.35,0.4687832496537084
120,ubi_only,0.8,42,0.395,0.4481712294165613
160,ubi_only,0.8,42,0.36,0.45659662493548686
240,ubi_only,0.8,42,0.38,0.4613992077391632
80,ubi_only,0.8,43,0.39,0.45379592143177533
120,ubi_only,0.8,43,0.37,0.45777652622486004
160,ubi_only,0.8,43,0.335,0.47498044026129693
240,ubi_only,0.8,43,0.32,0.4696847065043276
80,ubi_only,0.8,44,0.38,0.46640258647927907
120,ubi_only,0.8,44,0.35,0.47068472263377187
160,ubi_only,0.8,44,0.36,0.467060953446995
240,ubi_only,0.8,44,0.395,0.460443419650705
80,ubi_only,0.8,45,0.365,0.4576483853542001
120,ubi_only,0.8,45,0.4,0.44687272488476537
160,ubi_only,0.8,45,0.39,0.44998362765301964
240,ubi_only,0.8,45,0.375,0.464825399234661
80,ubi_only,0.8,46,0.365,0.4623974347201951
120,ubi_only,0.8,46,0.35,0.4651347765976592
160,ubi_only,0.8,46,0.395,0.45117560654826605
240,ubi_only,0.8,46,0.41,0.45457262847712415
80,ubi_only,0.8,47,0.415,0.45582190849495563
120,ubi_only,0.8,47,0.38,0.4675271340467731
160,ubi_only,0.8,47,0.315,0.471514062881717
240,ubi_only,0.8,47,0.44,0.4519881071159385
80,ubi_only,0.8,48,0.425,0.4586722770380878
120,ubi_only,0.8,48,0.435,0.44546060326834314
160,ubi_only,0.8,48,0.375,0.4598005194518795
240,ubi_only,0.8,48,0.425,0.4513501120177687
80,ubi_only,0.8,49,0.435,0.4584751131969631
120,ubi_only,0.8,49,0.34,0.47644266936378554
160,ubi_only,0.8,49,0.375,0.4633217219921656
240,ubi_only,0.8,49,0.35,0.4611714052277037
80,full_bundle,0.8,0,0.1,0.5716982842003613
120,full_bundle,0.8,0,0.055,0.5834259933956161
160,full_bundle,0.8,0,0.095,0.5831791074872037
240,full_bundle,0.8,0,0.115,0.56274014994842
80,full_bundle,0.8,1,0.07,0.5827337669404057
120,full_bundle,0.8,1,0.055,0.5724155327918378
160,full_bundle,0.8,1,0.08,0.5873392165183614
240,full_bundle,0.8,1,0.095,0.5718315561304996
80,full_bundle,0.8,2,0.06,0.5785626285455376
120,full_bundle,0.8,2,0.08,0.5840294025361845
160,full_bundle,0.8,2,0.07,0.5790104312723119
240,full_bundle,0.8,2,0.075,0.5873530186319331
80,full_bundle,0.8,3,0.085,0.5790772813915492
120,full_bundle,0.8,3,0.11,0.5874806651673514
160,full_bundle,0.8,3,0.11,0.5749852739889786
240,full_bundle,0.8,3,0.09,0.5767071070816163
80,full_bundle,0.8,4,0.055,0.5810792131892413
120,full_bundle,0.8,4,0.09,0.5688466008938764
160,full_bundle,0.8,4,0.09,0.5798455543820221
240,full_bundle,0.8,4,0.095,0.5645111310099554
80,full_bundle,0.8,5,0.05,0.5855723368873352
120,full_bundle,0.8,5,0.085,0.5867106946622361
160,full_bundle,0.8,5,0.09,0.5832812286977387
240,full_bundle,0.8,5,0.06,0.5856398282932571
80,full_bundle,0.8,6,0.1,0.5741763773528747
120,full_bundle,0.8,6,0.095,0.5720579584814542
160,full_bundle,0.8,6,0.135,0.5584251391210249
240,full_bundle,0.8,6,0.1,0.5703586800084772
80,full_bundle,0.8,7,0.08,0.5818292771107615
120,full_bundle,0.8,7,0.07,0.5816265243752275
160,full_bundle,0.8,7,0.095,0.5729375748479868
240,full_bundle,0.8,7,0.105,0.5745316365197907
80,full_bundle,0.8,8,0.085,0.5842847441038779
120,full_bundle,0.8,8,0.095,0.5780421986691262
160,full_bundle,0.8,8,0.095,0.5706383532705214
240,full_bundle,0.8,8,0.1,0.5732736582462461
80,full_bundle,0.8,9,0.13,0.5614251168089389
120,full_bundle,0.8,9,0.06,0.5885095973079286
160,full_bundle,0.8,9,0.07,0.5961298443753967
240,full_bundle,0.8,9,0.085,0.5850001559401791
80,full_bundle,0.8,10,0.07,0.5920219649732276
120,full_bundle,0.8,10,0.09,0.5755968439227904
160,full_bundle,0.8,10,0.135,0.5565211019039081
240,full_bundle,0.8,10,0.1,0.5687795569668085
80,full_bundle,0.8,11,0.125,0.5704351219058252
120,full_bundle,0.8,11,0.06,0.5829371323875612
160,full_bundle,0.8,11,0.095,0.5774448509486801
240,full_bundle,0.8,11,0.075,0.580284812953742
80,full_bundle,0.8,12,0.105,0.5738779540369354
120,full_bundle,0.8,12,0.105,0.5769021449040669
160,full_bundle,0.8,12,0.1,0.5730671857907348
240,full_bundle,0.8,12,0.055,0.5931024882797442
80,full_bundle,0.8,13,0.105,0.5672082243733786
120,full_bundle,0.8,13,0.1,0.576498156248581
160,full_bundle,0.8,13,0.075,0.5760368294214203
240,full_bundle,0.8,13,0.095,0.5795690067829612
80,full_bundle,0.8,14,0.075,0.5799324519010088
120,full_bundle,0.8,14,0.135,0.5689193118316765
160,full_bundle,0.8,14,0.125,0.5647453716409274
240,full_bundle,0.8,14,0.075,0.5782167569835841
80,full_bundle,0.8,15,0.11,0.5670665178710622
120,full_bundle,0.8,15,0.095,0.5651515759055348
160,full_bundle,0.8,15,0.095,0.574118800738616
240,full_bundle,0.8,15,0.095,0.5610055185643107
80,full_bundle,0.8,16,0.085,0.5758728093597497
120,full_bundle,0.8,16,0.105,0.5720177620152538
160,full_bundle,0.8,16,0.085,0.5729014780309629
240,full_bundle,0.8,16,0.08,0.5822437245645045
80,full_bundle,0.8,17,0.095,0.578806096221659
120,full_bundle,0.8,17,0.09,0.5684568307572134
160,full_bundle,0.8,17,0.105,0.5804567767619261
240,full_bundle,0.8,17,0.08,0.5839975620236271
80,full_bundle,0.8,18,0.075,0.5815937318122727
120,full_bundle,0.8,18,0.115,0.5673238674050538
160,full_bundle,0.8,18,0.09,0.5703132892306514
240,full_bundle,0.8,18,0.1,0.5757833689854364
80,full_bundle,0.8,19,0.105,0.5807629971345145
120,full_bundle,0.8,19,0.1,0.5673553237779498
160,full_bundle,0.8,19,0.09,0.5686833788320572
240,full_bundle,0.8,19,0.09,0.5746356308239404
80,full_bundle,0.8,20,0.1,0.5753863157257796
120,full_bundle,0.8,20,0.065,0.5756360822795556
160,full_bundle,0.8,20,0.085,0.5777871006647558
240,full_bundle,0.8,20,0.095,0.5686752426095927
80,full_bundle,0.8,21,0.075,0.5642847966183558
120,full_bundle,0.8,21,0.115,0.5710910462970554
160,full_bundle,0.8,21,0.105,0.5722023032888308
240,full_bundle,0.8,21,0.065,0.5903604396615678
80,full_bundle,0.8,22,0.09,0.5668440846017462
120,full_bundle,0.8,22,0.095,0.574122461721013
160,full_bundle,0.8,22,0.105,0.5696163638416724
240,full_bundle,0.8,22,0.115,0.5729490308902144
80,full_bundle,0.8,23,0.09,0.5659260832423599
120,full_bundle,0.8,23,0.09,0.580575077665151
160,full_bundle,0.8,23,0.1,0.5751214239928693
240,full_bundle,0.8,23,0.085,0.5826494414696053
80,full_bundle,0.8,24,0.065,0.5895623829069112
120,full_bundle,0.8,24,0.1,0.57588356353322
160,full_bundle,0.8,24,0.045,0.5807714375604508
240,full_bundle,0.8,24,0.095,0.5677193188187393
80,full_bundle,0.8,25,0.115,0.5618008436628891
120,full_bundle,0.8,25,0.12,0.5662571672943946
160,full_bundle,0.8,25,0.11,0.5709680223845777
240,full_bundle,0.8,25,0.105,0.5653020324377976
80,full_bundle,0.8,26,0.09,0.5743898733731171
120,full_bundle,0.8,26,0.08,0.5847426368882737
160,full_bundle,0.8,26,0.125,0.5674214063066921
240,full_bundle,0.8,26,0.045,0.5922742204108457
80,full_bundle,0.8,27,0.075,0.5762671652078604
120,full_bundle,0.8,27,0.14,0.5515252547177407
160,full_bundle,0.8,27,0.11,0.566288912286806
240,full_bundle,0.8,27,0.1,0.581137474162824
80,full_bundle,0.8,28,0.08,0.5785837624449308
120,full_bundle,0.8,28,0.08,0.588073501863543
160,full_bundle,0.8,28,0.1,0.5729064429137171
240,full_bundle,0.8,28,0.085,0.5847243178112308
80,full_bundle,0.8,29,0.085,0.5814995389758788
120,full_bundle,0.8,29,0.095,0.57414756676661
160,full_bundle,0.8,29,0.08,0.5781366436853898
240,full_bundle,0.8,29,0.135,0.5556025471913868
80,full_bundle,0.8,30,0.08,0.5628416116576449
120,full_bundle,0.8,30,0.115,0.5635549874832837
160,full_bundle,0.8,30,0.06,0.5791609967809528
240,full_bundle,0.8,30,0.055,0.5909574383253152
80,full_bundle,0.8,31,0.07,0.5756763617681667
120,full_bundle,0.8,31,0.085,0.5731172731868653
160,full_bundle,0.8,31,0.07,0.588510028200927
240,full_bundle,0.8,31,0.06,0.5961624781620328
80,full_bundle,0.8,32,0.135,0.5631777118006911
120,full_bundle,0.8,32,0.09,0.5705088295602921
160,full_bundle,0.8,32,0.125,0.5746061164211866
240,full_bundle,0.8,32,0.06,0.5768550099743276
80,full_bundle,0.8,33,0.085,0.5877443591390299
120,full_bundle,0.8,33,0.085,0.574162028146758
160,full_bundle,0.8,33,0.095,0.5742266286732101
240,full_bundle,0.8,33,0.11,0.5735646288400426
80,full_bundle,0.8,34,0.065,0.5817858110436746
120,full_bundle,0.8,34,0.065,0.582735383131456
160,full_bundle,0.8,34,0.1,0.5782325746947801
240,full_bundle,0.8,34,0.11,0.5602517132261241
80,full_bundle,0.8,35,0.135,0.5620009504216091
120,full_bundle,0.8,35,0.08,0.5807850757288139
160,full_bundle,0.8,35,0.07,0.5811701808419913
240,full_bundle,0.8,35,0.06,0.5787604523237588
80,full_bundle,0.8,36,0.1,0.5734173782189028
120,full_bundle,0.8,36,0.075,0.5780454801809327
160,full_bundle,0.8,36,0.12,0.5694384154683818
240,full_bundle,0.8,36,0.08,0.5737267283000422
80,full_bundle,0.8,37,0.09,0.5865502339911748
120,full_bundle,0.8,37,0.065,0.5944874500559834
160,full_bundle,0.8,37,0.085,0.5944859516653509
240,full_bundle,0.8,37,0.075,0.5844495901161756
80,full_bundle,0.8,38,0.11,0.5784354454688614
120,full_bundle,0.8,38,0.085,0.5748339826156795
160,full_bundle,0.8,38,0.08,0.5785327591107898
240,full_bundle,0.8,38,0.06,0.5747154800550933
80,full_bundle,0.8,39,0.08,0.5722985628707891
120,full_bundle,0.8,39,0.105,0.5719769195319431
160,full_bundle,0.8,39,0.14,0.5612141485737493
240,full_bundle,0.8,39,0.11,0.5808520991750257
80,full_bundle,0.8,40,0.055,0.5770776904291092
120,full_bundle,0.8,40,0.095,0.5719798294244265
160,full_bundle,0.8,40,0.07,0.5808662844765335
240,full_bundle,0.8,40,0.085,0.5715185835419614
80,full_bundle,0.8,41,0.085,0.5731784949110684
120,full_bundle,0.8,41,0.045,0.5868010179196638
160,full_bundle,0.8,41,0.085,0.5873988079820038
240,full_bundle,0.8,41,0.1,0.573028612643298
80,full_bundle,0.8,42,0.095,0.5832273474434279
120,full_bundle,0.8,42,0.115,0.5668601391689791
160,full_bundle,0.8,42,0.12,0.5727991165713009
240,full_bundle,0.8,42,0.09,0.5767012271628085
80,full_bundle,0.8,43,0.105,0.5686695579690358
120,full_bundle,0.8,43,0.095,0.5721540051515466
160,full_bundle,0.8,43,0.06,0.5893590092633922
240,full_bundle,0.8,43,0.09,0.5844379802636122
80,full_bundle,0.8,44,0.07,0.5827700207483107
120,full_bundle,0.8,44,0.045,0.5871696088350912
160,full_bundle,0.8,44,0.06,0.5822527156680664
240,full_bundle,0.8,44,0.12,0.5768326160029236
80,full_bundle,0.8,45,0.08,0.5748776436008604
120,full_bundle,0.8,45,0.13,0.5638751500419498
160,full_bundle,0.8,45,0.105,0.5661831681703596
240,full_bundle,0.8,45,0.055,0.5826341273901555
80,full_bundle,0.8,46,0.09,0.5775603938724444
120,full_bundle,0.8,46,0.075,0.5811731718342519
160,full_bundle,0.8,46,0.115,0.5658632194177031
240,full_bundle,0.8,46,0.08,0.5695307891381663
80,full_bundle,0.8,47,0.105,0.5735015314685193
120,full_bundle,0.8,47,0.065,0.5827326157666102
160,full_bundle,0.8,47,0.075,0.5862119756419472
240,full_bundle,0.8,47,0.06,0.5721193692709875
80,full_bundle,0.8,48,0.12,0.571982945340547
120,full_bundle,0.8,48,0.095,0.5655318153203459
160,full_bundle,0.8,48,0.085,0.5754059835873885
240,full_bundle,0.8,48,0.11,0.5718093193491991
80,full_bundle,0.8,49,0.085,0.5753125484872789
120,full_bundle,0.8,49,0.045,0.5918695357630529
160,full_bundle,0.8,49,0.09,0.5796497140576248
240,full_bundle,0.8,49,0.09,0.5769603522108383
80,baseline,0.95,0,0.78,0.328516833283077
120,baseline,0.95,0,0.775,0.34298971937935735
160,baseline,0.95,0,0.82,0.32571251627356923
240,baseline,0.95,0,0.775,0.32514528279858895
80,baseline,0.95,1,0.805,0.34033034038614773
120,baseline,0.95,1,0.795,0.33375121631134425
160,baseline,0.95,1,0.75,0.3445786263886644
240,baseline,0.95,1,0.755,0.3434880417309835
80,baseline,0.95,2,0.795,0.32659288158247224
120,baseline,0.95,2,0.805,0.32900662127469077
160,baseline,0.95,2,0.755,0.3371828712861992
240,baseline,0.95,2,0.835,0.32303244098163647
80,baseline,0.95,3,0.84,0.3280824705093539
120,baseline,0.95,3,0.82,0.32506436875356715
160,baseline,0.95,3,0.835,0.31544330717106317
240,baseline,0.95,3,0.8,0.32606512251499964
80,baseline,0.95,4,0.79,0.3348772047549127
120,baseline,0.95,4,0.815,0.3169859049989982
160,baseline,0.95,4,0.83,0.32719487516024415
240,baseline,0.95,4,0.81,0.32279559071153974
80,baseline,0.95,5,0.805,0.33122021030452287
120,baseline,0.95,5,0.775,0.33478183954978674
160,baseline,0.95,5,0.735,0.34525966398740493
240,baseline,0.95,5,0.84,0.3241698549070911
80,baseline,0.95,6,0.755,0.3390410438093518
120,baseline,0.95,6,0.81,0.32466900671592014
160,baseline,0.95,6,0.78,0.3295773956939167
240,baseline,0.95,6,0.75,0.3403037233859079
80,baseline,0.95,7,0.835,0.3178987733189406
120,baseline,0.95,7,0.78,0.3301570408743972
160,baseline,0.95,7,0.815,0.3219843765875295
240,baseline,0.95,7,0.815,0.32625596141043883
80,baseline,0.95,8,0.815,0.3222681686129791
120,baseline,0.95,8,0.815,0.3279598762989043
160,baseline,0.95,8,0.785,0.3361760170190546
240,baseline,0.95,8,0.76,0.33732297346261314
80,baseline,0.95,9,0.775,0.3368784787878646
120,baseline,0.95,9,0.835,0.31339776099672073
160,baseline,0.95,9,0.83,0.3286757266321541
240,baseline,0.95,9,0.735,0.33430320172717964
80,baseline,0.95,10,0.755,0.3409054336580803
120,baseline,0.95,10,0.82,0.3243082986263898
160,baseline,0.95,10,0.875,0.31857040812914034
240,baseline,0.95,10,0.8,0.32822186362252187
80,baseline,0.95,11,0.755,0.33202434718944757
120,baseline,0.95,11,0.825,0.32189696760310677
160,baseline,0.95,11,0.81,0.3230460464147912
240,baseline,0.95,11,0.77,0.3324185817510276
80,baseline,0.95,12,0.795,0.32424977594609694
120,baseline,0.95,12,0.775,0.33649843257169876
160,baseline,0.95,12,0.82,0.3227651149922764
240,baseline,0.95,12,0.76,0.340353377013076
80,baseline,0.95,13,0.78,0.32731866005501126
120,baseline,0.95,13,0.78,0.3332722665473868
160,baseline,0.95,13,0.76,0.3348799842136239
240,baseline,0.95,13,0.8,0.329562735867532
80,baseline,0.95,14,0.79,0.3283626609877102
120,baseline,0.95,14,0.805,0.327126674829251
160,baseline,0.95,14,0.745,0.34307644909088736
240,baseline,0.95,14,0.82,0.32899889978121793
80,baseline,0.95,15,0.8,0.3288829843353313
120,baseline,0.95,15,0.755,0.3355031292410166
160,baseline,0.95,15,0.74,0.3390659258245064
240,baseline,0.95,15,0.795,0.3289493991175226
80,baseline,0.95,16,0.765,0.3362466591182958
120,baseline,0.95,16,0.805,0.3166002772747747
160,baseline,0.95,16,0.755,0.32982410610307605
240,baseline,0.95,16,0.765,0.3303173457990141
80,baseline,0.95,17,0.765,0.3324464722319958
120,baseline,0.95,17,0.81,0.324306795716397
160,baseline,0.95,17,0.81,0.32416911242029484
240,baseline,0.95,17,0.795,0.3285568097345667
80,baseline,0.95,18,0.81,0.3240911619350356
120,baseline,0.95,18,0.765,0.340499994581257
160,baseline,0.95,18,0.8,0.3165313363501018
240,baseline,0.95,18,0.77,0.32241601185351276
80,baseline,0.95,19,0.755,0.3295585816697937
120,baseline,0.95,19,0.825,0.3213994986606151
160,baseline,0.95,19,0.765,0.33443392193020327
240,baseline,0.95,19,0.795,0.3362894923433241
80,baseline,0.95,20,0.735,0.34514367551079145
120,baseline,0.95,20,0.835,0.31268702016406663
160,baseline,0.95,20,0.79,0.3239568944302185
240,baseline,0.95,20,0.77,0.3346509214798231
80,baseline,0.95,21,0.78,0.3402829764635678
120,baseline,0.95,21,0.83,0.31611475146013274
160,baseline,0.95,21,0.8,0.3258621662522498
240,baseline,0.95,21,0.69,0.3536783846600467
80,baseline,0.95,22,0.785,0.32664569594253023
120,baseline,0.95,22,0.75,0.3411978139845992
160,baseline,0.95,22,0.795,0.32542701231069543
240,baseline,0.95,22,0.86,0.3096935747873544
80,baseline,0.95,23,0.8,0.31232368796585247
120,baseline,0.95,23,0.775,0.34082696741591895
160,baseline,0.95,23,0.785,0.33090824748463066
240,baseline,0.95,23,0.815,0.330053290087865
80,baseline,0.95,24,0.805,0.3186843888509365
120,baseline,0.95,24,0.8,0.331316741628789
160,baseline,0.95,24,0.77,0.33271063267814044
240,baseline,0.95,24,0.785,0.33535331932695445
80,baseline,0.95,25,0.785,0.32234364191592063
120,baseline,0.95,25,0.8,0.3339080792909411
160,baseline,0.95,25,0.77,0.3325930186879974
240,baseline,0.95,25,0.785,0.3305235381490702
80,baseline,0.95,26,0.81,0.3252028838080291
120,baseline,0.95,26,0.75,0.33859751707160696
160,baseline,0.95,26,0.82,0.32819183518540096
240,baseline,0.95,26,0.795,0.3276290008110517
80,baseline,0.95,27,0.8,0.3209229113346541
120,baseline,0.95,27,0.845,0.3224666667112029
160,baseline,0.95,27,0.82,0.32584339986209854
240,baseline,0.95,27,0.785,0.3303518731300769
80,baseline,0.95,28,0.83,0.31951538100416954
120,baseline,0.95,28,0.76,0.33505774403732275
160,baseline,0.95,28,0.765,0.34096188874525524
240,baseline,0.95,28,0.785,0.3317599951726683
80,baseline,0.95,29,0.8,0.3270832599994189
120,baseline,0.95,29,0.775,0.3256613847148603
160,baseline,0.95,29,0.81,0.321119324142461
240,baseline,0.95,29,0.765,0.33085464209469495
80,baseline,0.95,30,0.74,0.3421354629509773
120,baseline,0.95,30,0.82,0.31852586675525474
160,baseline,0.95,30,0.785,0.3283008960890544
240,baseline,0.95,30,0.795,0.33391951538194475
80,baseline,0.95,31,0.76,0.33816662719443136
120,baseline,0.95,31,0.81,0.32880128035119155
160,baseline,0.95,31,0.78,0.3323003154754477
240,baseline,0.95,31,0.79,0.33470939276889994
80,baseline,0.95,32,0.775,0.34107577102450193
120,baseline,0.95,32,0.765,0.3398090891471614
160,baseline,0.95,32,0.8,0.31629052881410546
240,baseline,0.95,32,0.81,0.3300000355134276
80,baseline,0.95,33,0.805,0.32990137907295375
120,baseline,0.95,33,0.76,0.32639708326840194
160,baseline,0.95,33,0.785,0.3400147715965921
240,baseline,0.95,33,0.785,0.3270807176877101
80,baseline,0.95,34,0.805,0.3240157637178659
120,baseline,0.95,34,0.82,0.3285974222531615
160,baseline,0.95,34,0.785,0.3259805270851237
240,baseline,0.95,34,0.775,0.3382494290897625
80,baseline,0.95,35,0.79,0.3235686380003152
120,baseline,0.95,35,0.77,0.33582997875591786
160,baseline,0.95,35,0.785,0.33904086586478016
240,baseline,0.95,35,0.785,0.33083547195979846
80,baseline,0.95,36,0.74,0.33551282453337306
120,baseline,0.95,36,0.8,0.3248946053113272
160,baseline,0.95,36,0.825,0.32630558157088957
240,baseline,0.95,36,0.815,0.3232862164866206
80,baseline,0.95,37,0.725,0.34631550073519324
120,baseline,0.95,37,0.77,0.3329629593962744
160,baseline,0.95,37,0.795,0.332605404720356
240,baseline,0.95,37,0.755,0.34166875799880153
80,baseline,0.95,38,0.775,0.3312761791820218
120,baseline,0.95,38,0.775,0.322339932697083
160,baseline,0.95,38,0.79,0.32851194200657136
240,baseline,0.95,38,0.735,0.3419496649608275
80,baseline,0.95,39,0.775,0.3380576800489724
120,baseline,0.95,39,0.815,0.3176888960104992
160,baseline,0.95,39,0.77,0.34148516366079557
240,baseline,0.95,39,0.805,0.3182108264184165
80,baseline,0.95,40,0.795,0.33082488862793313
120,baseline,0.95,40,0.84,0.32511406853552793
160,baseline,0.95,40,0.77,0.3400089350879044
240,baseline,0.95,40,0.74,0.3413304710049156
80,baseline,0.95,41,0.79,0.32474418881907696
120,baseline,0.95,41,0.785,0.3308514008099548
160,baseline,0.95,41,0.81,0.33129680594726835
240,baseline,0.95,41,0.81,0.3289219156785672
80,baseline,0.95,42,0.805,0.3221791921208663
120,baseline,0.95,42,0.765,0.3316010562819848
160,baseline,0.95,42,0.775,0.3252368918637892
240,baseline,0.95,42,0.855,0.3126185988844843
80,baseline,0.95,43,0.79,0.3390206091213195
120,baseline,0.95,43,0.78,0.3335087487085484
160,baseline,0.95,43,0.8,0.329897789581741
240,baseline,0.95,43,0.81,0.3379705918150704
80,baseline,0.95,44,0.815,0.3312793684506947
120,baseline,0.95,44,0.75,0.3353942235364808
160,baseline,0.95,44,0.75,0.3429543576799794
240,baseline,0.95,44,0.73,0.33378298281787155
80,baseline,0.95,45,0.8,0.33445169081137055
120,baseline,0.95,45,0.78,0.3360328844362988
160,baseline,0.95,45,0.765,0.3317812718556722
240,baseline,0.95,45,0.825,0.3198745157654843
80,baseline,0.95,46,0.775,0.33351835971448524
120,baseline,0.95,46,0.74,0.33293361313990594
160,baseline,0.95,46,0.755,0.3347712590283804
240,baseline,0.95,46,0.795,0.3236519028671999
80,baseline,0.95,47,0.81,0.32248686485910966
120,baseline,0.95,47,0.87,0.31702242367296796
160,baseline,0.95,47,0.77,0.3377903285650172
240,baseline,0.95,47,0.845,0.3111352467398612
80,baseline,0.95,48,0.795,0.3380004054775842
120,baseline,0.95,48,0.795,0.32505596123477276
160,baseline,0.95,48,0.77,0.32810087103910485
240,baseline,0.95,48,0.78,0.3239152303867266
80,baseline,0.95,49,0.82,0.32262118551728447
120,baseline,0.95,49,0.79,0.3246064865468825
160,baseline,0.95,49,0.81,0.31937310285024806
240,baseline,0.95,49,0.83,0.31373398718475193
80,ubi_only,0.95,0,0.495,0.41618955260650004
120,ubi_only,0.95,0,0.435,0.43358628217863304
160,ubi_only,0.95,0,0.52,0.41370278383745046
240,ubi_only,0.95,0,0.56,0.4107745250419056
80,ubi_only,0.95,1,0.445,0.43142473270653975
120,ubi_only,0.95,1,0.5,0.4211417651768694
160,ubi_only,0.95,1,0.445,0.43227903292274655
240,ubi_only,0.95,1,0.445,0.43206334698505494
80,ubi_only,0.95,2,0.56,0.41217503153031276
120,ubi_only,0.95,2,0.52,0.41617471730815303
160,ubi_only,0.95,2,0.5,0.4254532071098822
240,ubi_only,0.95,2,0.565,0.40822105675766696
80,ubi_only,0.95,3,0.52,0.41751380736631183
120,ubi_only,0.95,3,0.505,0.4128934938793314
160,ubi_only,0.95,3,0.58,0.4024424757612195
240,ubi_only,0.95,3,0.51,0.41407600468896805
80,ubi_only,0.95,4,0.555,0.4204433806299792
120,ubi_only,0.95,4,0.585,0.40356405639806137
160,ubi_only,0.95,4,0.49,0.4184374985168672
240,ubi_only,0.95,4,0.55,0.40922422046921025
80,ubi_only,0.95,5,0.475,0.4211958741410539
120,ubi_only,0.95,5,0.485,0.42310266983514283
160,ubi_only,0.95,5,0.48,0.43153297348044295
240,ubi_only,0.95,5,0.555,0.4135204022239549
80,ubi_only,0.95,6,0.495,0.4259666424751197
120,ubi_only,0.95,6,0.535,0.4132281706683487
160,ubi_only,0.95,6,0.515,0.4157711930029651
240,ubi_only,0.95,6,0.46,0.42818099080934646
80,ubi_only,0.95,7,0.51,0.40851007534662215
120,ubi_only,0.95,7,0.525,0.4176614848945314
160,ubi_only,0.95,7,0.58,0.40927512138971744
240,ubi_only,0.95,7,0.55,0.4118296628459781
80,ubi_only,0.95,8,0.535,0.41123642303534824
120,ubi_only,0.95,8,0.55,0.41428525810437244
160,ubi_only,0.95,8,0.49,0.4227622462594164
240,ubi_only,0.95,8,0.475,0.4249861636379395
80,ubi_only,0.95,9,0.455,0.4249187681448919
120,ubi_only,0.95,9,0.595,0.39912305635158346
160,ubi_only,0.95,9,0.475,0.4176577478191698
240,ubi_only,0.95,9,0.51,0.41905905948024236
80,ubi_only,0.95,10,0.48,0.4309761736726264
120,ubi_only,0.95,10,0.56,0.4109117548800738
160,ubi_only,0.95,10,0.54,0.4106494800585163
240,ubi_only,0.95,10,0.52,0.41364282651669826
80,ubi_only,0.95,11,0.525,0.41913196258173735
120,ubi_only,0.95,11,0.555,0.40908245436035523
160,ubi_only,0.95,11,0.54,0.40776415784628456
240,ubi_only,0.95,11,0.49,0.41962204298252975
80,ubi_only,0.95,12,0.535,0.4114895073181634
120,ubi_only,0.95,12,0.495,0.42525823867748863
160,ubi_only,0.95,12,0.555,0.40958349985601505
240,ubi_only,0.95,12,0.48,0.42821189568903795
80,ubi_only,0.95,13,0.49,0.4151278493279459
120,ubi_only,0.95,13,0.52,0.4214285783560374
160,ubi_only,0.95,13,0.5,0.4214243319084583
240,ubi_only,0.95,13,0.555,0.41357674091023694
80,ubi_only,0.95,14,0.52,0.4142329067263044
120,ubi_only,0.95,14,0.485,0.4172016776923445
160,ubi_only,0.95,14,0.465,0.4296489347685173
240,ubi_only,0.95,14,0.48,0.4194290995630376
80,ubi_only,0.95,15,0.535,0.41398373925274606
120,ubi_only,0.95,15,0.525,0.41994232644279833
160,ubi_only,0.95,15,0.475,0.4261988533192796
240,ubi_only,0.95,15,0.485,0.4174973298192419
80,ubi_only,0.95,16,0.475,0.4241290035792483
120,ubi_only,0.95,16,0.61,0.40061703354496275
160,ubi_only,0.95,16,0.53,0.413791022233907
240,ubi_only,0.95,16,0.53,0.4169626870386135
80,ubi_only,0.95,17,0.495,0.41913796455941005
120,ubi_only,0.95,17,0.51,0.41404177505749373
160,ubi_only,0.95,17,0.495,0.4123462001988977
240,ubi_only,0.95,17,0.58,0.41086375215102144
80,ubi_only,0.95,18,0.545,0.4098171638826841
120,ubi_only,0.95,18,0.485,0.4275747436156091
160,ubi_only,0.95,18,0.58,0.39990548075494614
240,ubi_only,0.95,18,0.565,0.4076020171767248
80,ubi_only,0.95,19,0.565,0.4123960261260976
120,ubi_only,0.95,19,0.555,0.4079790425999594
160,ubi_only,0.95,19,0.49,0.42330672575305284
240,ubi_only,0.95,19,0.485,0.4252312826330023
80,ubi_only,0.95,20,0.495,0.4319872646873314
120,ubi_only,0.95,20,0.62,0.3986419823458607
160,ubi_only,0.95,20,0.54,0.41040688100190187
240,ubi_only,0.95,20,0.525,0.42296759547610674
80,ubi_only,0.95,21,0.485,0.42706711922051865
120,ubi_only,0.95,21,0.545,0.402998745680307
160,ubi_only,0.95,21,0.51,0.41309906466906726
240,ubi_only,0.95,21,0.445,0.4412699221710507
80,ubi_only,0.95,22,0.55,0.4126286452223428
120,ubi_only,0.95,22,0.515,0.42554306348152227
160,ubi_only,0.95,22,0.545,0.4107958313733197
240,ubi_only,0.95,22,0.58,0.3957793547045071
80,ubi_only,0.95,23,0.61,0.3954215862895482
120,ubi_only,0.95,23,0.49,0.42691927301140015
160,ubi_only,0.95,23,0.495,0.4195080588514756
240,ubi_only,0.95,23,0.56,0.41646339957885076
80,ubi_only,0.95,24,0.615,0.4030587572309804
120,ubi_only,0.95,24,0.525,0.4188109891688677
160,ubi_only,0.95,24,0.505,0.4199924582877957
240,ubi_only,0.95,24,0.465,0.4230271895158516
80,ubi_only,0.95,25,0.575,0.4071208395505201
120,ubi_only,0.95,25,0.49,0.42337950021117654
160,ubi_only,0.95,25,0.525,0.41867233126222614
240,ubi_only,0.95,25,0.51,0.4182016517644772
80,ubi_only,0.95,26,0.58,0.41058063275067797
120,ubi_only,0.95,26,0.49,0.4260954671639992
160,ubi_only,0.95,26,0.485,0.41798043311854166
240,ubi_only,0.95,26,0.49,0.41806344106579746
80,ubi_only,0.95,27,0.55,0.40608356757416003
120,ubi_only,0.95,27,0.54,0.4099224024818821
160,ubi_only,0.95,27,0.56,0.4122651905836821
240,ubi_only,0.95,27,0.495,0.41700408359210756
80,ubi_only,0.95,28,0.565,0.4066003850611116
120,ubi_only,0.95,28,0.465,0.42431844370400396
160,ubi_only,0.95,28,0.49,0.42844441733811095
240,ubi_only,0.95,28,0.52,0.41746944666538693
80,ubi_only,0.95,29,0.54,0.4144461493928307
120,ubi_only,0.95,29,0.515,0.4116473734258588
160,ubi_only,0.95,29,0.565,0.40876988232071876
240,ubi_only,0.95,29,0.525,0.41570449904730666
80,ubi_only,0.95,30,0.475,0.42653656752477176
120,ubi_only,0.95,30,0.565,0.4053670763076875
160,ubi_only,0.95,30,0.535,0.41516369685430193
240,ubi_only,0.95,30,0.5,0.42081790160252297
80,ubi_only,0.95,31,0.525,0.4208578923921179
120,ubi_only,0.95,31,0.55,0.41606547324407017
160,ubi_only,0.95,31,0.505,0.4187391154739275
240,ubi_only,0.95,31,0.45,0.4243256515008128
80,ubi_only,0.95,32,0.485,0.43000599226805775
120,ubi_only,0.95,32,0.49,0.42840486509481146
160,ubi_only,0.95,32,0.55,0.40301299853220895
240,ubi_only,0.95,32,0.485,0.4200887690774357
80,ubi_only,0.95,33,0.48,0.4208252778059314
120,ubi_only,0.95,33,0.545,0.41115074285685776
160,ubi_only,0.95,33,0.5,0.42826772509147126
240,ubi_only,0.95,33,0.535,0.4118370429439135
80,ubi_only,0.95,34,0.52,0.4121030498297186
120,ubi_only,0.95,34,0.54,0.4143367510750194
160,ubi_only,0.95,34,0.57,0.4107968879488875
240,ubi_only,0.95,34,0.425,0.4299721420131812
80,ubi_only,0.95,35,0.51,0.41150031304573
120,ubi_only,0.95,35,0.51,0.42370050652966723
160,ubi_only,0.95,35,0.525,0.4269715412455911
240,ubi_only,0.95,35,0.58,0.41668300007255993
80,ubi_only,0.95,36,0.485,0.42116455820039406
120,ubi_only,0.95,36,0.54,0.411682594513853
160,ubi_only,0.95,36,0.555,0.41271451698324824
240,ubi_only,0.95,36,0.52,0.40956697443942075
80,ubi_only,0.95,37,0.45,0.43358819181220626
120,ubi_only,0.95,37,0.48,0.4220344200348628
160,ubi_only,0.95,37,0.485,0.4230044126138188
240,ubi_only,0.95,37,0.48,0.42967041393620437
80,ubi_only,0.95,38,0.485,0.41809286620976666
120,ubi_only,0.95,38,0.555,0.40691506089693547
160,ubi_only,0.95,38,0.55,0.4134121994838529
240,ubi_only,0.95,38,0.51,0.4265839909627963
80,ubi_only,0.95,39,0.465,0.4249547608090038
120,ubi_only,0.95,39,0.605,0.40264108776839885
160,ubi_only,0.95,39,0.445,0.43010702742769474
240,ubi_only,0.95,39,0.545,0.4039030403485945
80,ubi_only,0.95,40,0.495,0.4196854302984766
120,ubi_only,0.95,40,0.515,0.41363279966383487
160,ubi_only,0.95,40,0.435,0.4319654476948728
240,ubi_only,0.95,40,0.495,0.42946011542386825
80,ubi_only,0.95,41,0.535,0.4104331114596589
120,ubi_only,0.95,41,0.49,0.42044147593057324
160,ubi_only,0.95,41,0.475,0.4210556413882931
240,ubi_only,0.95,41,0.52,0.4153665370385044
80,ubi_only,0.95,42,0.54,0.4082836707597579
120,ubi_only,0.95,42,0.5,0.41808823622296726
160,ubi_only,0.95,42,0.545,0.41056210850704844
240,ubi_only,0.95,42,0.6,0.39975507094663165
80,ubi_only,0.95,43,0.49,0.42769739891880776
120,ubi_only,0.95,43,0.455,0.42352646993338156
160,ubi_only,0.95,43,0.51,0.41718237970190203
240,ubi_only,0.95,43,0.505,0.4245591393440222
80,ubi_only,0.95,44,0.48,0.42006684955240076
120,ubi_only,0.95,44,0.535,0.41992417025439077
160,ubi_only,0.95,44,0.485,0.42969645599957884
240,ubi_only,0.95,44,0.505,0.4196734123133423
80,ubi_only,0.95,45,0.505,0.42131914567192963
120,ubi_only,0.95,45,0.48,0.42491688631149976
160,ubi_only,0.95,45,0.5,0.41780232811475904
240,ubi_only,0.95,45,0.54,0.4051339342683711
80,ubi_only,0.95,46,0.515,0.42007809822804615
120,ubi_only,0.95,46,0.505,0.4202012191281846
160,ubi_only,0.95,46,0.5,0.42017009627336566
240,ubi_only,0.95,46,0.53,0.4109143707950706
80,ubi_only,0.95,47,0.525,0.4096645052340978
120,ubi_only,0.95,47,0.56,0.40583178301799194
160,ubi_only,0.95,47,0.48,0.42594121147150404
240,ubi_only,0.95,47,0.58,0.3951413233194655
80,ubi_only,0.95,48,0.5,0.42609900017099295
120,ubi_only,0.95,48,0.54,0.4096293185935924
160,ubi_only,0.95,48,0.56,0.41415804140873874
240,ubi_only,0.95,48,0.535,0.40978320384573735
80,ubi_only,0.95,49,0.51,0.41020847088906237
120,ubi_only,0.95,49,0.52,0.41093254751971986
160,ubi_only,0.95,49,0.54,0.4055817211250492
240,ubi_only,0.95,49,0.565,0.40097840590628514
80,full_bundle,0.95,0,0.135,0.5487154413264598
120,full_bundle,0.95,0,0.125,0.5627521348273558
160,full_bundle,0.95,0,0.13,0.5470434928980261
240,full_bundle,0.95,0,0.165,0.54420954919495
80,full_bundle,0.95,1,0.12,0.5625876731251281
120,full_bundle,0.95,1,0.1,0.5553442858408604
160,full_bundle,0.95,1,0.115,0.5612402467525289
240,full_bundle,0.95,1,0.11,0.5625661402880077
80,full_bundle,0.95,2,0.14,0.5455355160988218
120,full_bundle,0.95,2,0.1,0.5514908392951228
160,full_bundle,0.95,2,0.125,0.5577894821012853
240,full_bundle,0.95,2,0.1,0.5440068067383828
80,full_bundle,0.95,3,0.13,0.5490209879297965
120,full_bundle,0.95,3,0.13,0.5472473381544887
160,full_bundle,0.95,3,0.13,0.538151581602835
240,full_bundle,0.95,3,0.155,0.5463691371642097
80,full_bundle,0.95,4,0.075,0.5567764903347482
120,full_bundle,0.95,4,0.135,0.5393833746429215
160,full_bundle,0.95,4,0.105,0.5495628351709827
240,full_bundle,0.95,4,0.12,0.5441673429201666
80,full_bundle,0.95,5,0.13,0.5531819653925958
120,full_bundle,0.95,5,0.135,0.555276358637661
160,full_bundle,0.95,5,0.115,0.5628641230908161
240,full_bundle,0.95,5,0.1,0.5482022816265387
80,full_bundle,0.95,6,0.12,0.5581222995138655
120,full_bundle,0.95,6,0.145,0.5435440077450698
160,full_bundle,0.95,6,0.13,0.5501244174960519
240,full_bundle,0.95,6,0.11,0.5605801746662789
80,full_bundle,0.95,7,0.14,0.5420593331120754
120,full_bundle,0.95,7,0.135,0.5503892499816411
160,full_bundle,0.95,7,0.125,0.5463398335083332
240,full_bundle,0.95,7,0.115,0.5477602926082992
80,full_bundle,0.95,8,0.135,0.5447605219376344
120,full_bundle,0.95,8,0.11,0.5464741608943187
160,full_bundle,0.95,8,0.15,0.5529307632752752
240,full_bundle,0.95,8,0.09,0.5585013763663195
80,full_bundle,0.95,9,0.115,0.5559160502672287
120,full_bundle,0.95,9,0.17,0.5347748883633737
160,full_bundle,0.95,9,0.16,0.550325989509589
240,full_bundle,0.95,9,0.165,0.5490192448537775
80,full_bundle,0.95,10,0.11,0.5607958448464372
120,full_bundle,0.95,10,0.12,0.5466435397252505
160,full_bundle,0.95,10,0.105,0.5460888083768534
240,full_bundle,0.95,10,0.15,0.5457816867620244
80,full_bundle,0.95,11,0.15,0.5481095783330044
120,full_bundle,0.95,11,0.14,0.5443170916644193
160,full_bundle,0.95,11,0.15,0.5410484814072514
240,full_bundle,0.95,11,0.155,0.5492060542767703
80,full_bundle,0.95,12,0.145,0.5425907025252189
120,full_bundle,0.95,12,0.105,0.5584947192793782
160,full_bundle,0.95,12,0.075,0.5453882901156749
240,full_bundle,0.95,12,0.09,0.5600578275475832
80,full_bundle,0.95,13,0.165,0.5462693642050622
120,full_bundle,0.95,13,0.095,0.5543988397952814
160,full_bundle,0.95,13,0.145,0.5507256499903933
240,full_bundle,0.95,13,0.145,0.5451351986212593
80,full_bundle,0.95,14,0.135,0.5467397380096882
120,full_bundle,0.95,14,0.125,0.551369114353176
160,full_bundle,0.95,14,0.135,0.5587890599912179
240,full_bundle,0.95,14,0.13,0.5520360149560518
80,full_bundle,0.95,15,0.135,0.546100214465035
120,full_bundle,0.95,15,0.12,0.5544254334986704
160,full_bundle,0.95,15,0.115,0.5574528243678608
240,full_bundle,0.95,15,0.14,0.5503281483205312
80,full_bundle,0.95,16,0.115,0.5545500923473496
120,full_bundle,0.95,16,0.145,0.5362246885342974
160,full_bundle,0.95,16,0.165,0.5461377793438605
240,full_bundle,0.95,16,0.115,0.5519934141353486
80,full_bundle,0.95,17,0.15,0.5483300388290635
120,full_bundle,0.95,17,0.145,0.5450341434826802
160,full_bundle,0.95,17,0.145,0.5445117281941987
240,full_bundle,0.95,17,0.125,0.5470279018268862
80,full_bundle,0.95,18,0.135,0.5437507211069942
120,full_bundle,0.95,18,0.09,0.5584003122580659
160,full_bundle,0.95,18,0.14,0.5344019150025328
240,full_bundle,0.95,18,0.145,0.5410669913267586
80,full_bundle,0.95,19,0.13,0.5478365863450159
120,full_bundle,0.95,19,0.14,0.5430694424810243
160,full_bundle,0.95,19,0.145,0.5508472792810718
240,full_bundle,0.95,19,0.115,0.5564091697284154
80,full_bundle,0.95,20,0.085,0.5648655124602203
120,full_bundle,0.95,20,0.16,0.5327426379108582
160,full_bundle,0.95,20,0.13,0.5448770232783164
240,full_bundle,0.95,20,0.1,0.5563641107193519
80,full_bundle,0.95,21,0.13,0.5581845617445896
120,full_bundle,0.95,21,0.125,0.5380753999294899
160,full_bundle,0.95,21,0.13,0.5459894632698487
240,full_bundle,0.95,21,0.085,0.5713129689158728
80,full_bundle,0.95,22,0.135,0.5468056626146425
120,full_bundle,0.95,22,0.115,0.5599719257344199
160,full_bundle,0.95,22,0.16,0.5437300790299687
240,full_bundle,0.95,22,0.12,0.5313956354304298
80,full_bundle,0.95,23,0.175,0.5311365193015359
120,full_bundle,0.95,23,0.1,0.5602827869759898
160,full_bundle,0.95,23,0.125,0.5502676250739031
240,full_bundle,0.95,23,0.1,0.5523934687649246
80,full_bundle,0.95,24,0.145,0.5392452057674556
120,full_bundle,0.95,24,0.125,0.5515558582884722
160,full_bundle,0.95,24,0.1,0.5540824229507652
240,full_bundle,0.95,24,0.12,0.5565673821427941
80,full_bundle,0.95,25,0.15,0.5380503840837515
120,full_bundle,0.95,25,0.1,0.5586282100994217
160,full_bundle,0.95,25,0.13,0.5524573071076021
240,full_bundle,0.95,25,0.17,0.5473360766473765
80,full_bundle,0.95,26,0.105,0.5468940136830175
120,full_bundle,0.95,26,0.12,0.5571770614748782
160,full_bundle,0.95,26,0.11,0.549605633910586
240,full_bundle,0.95,26,0.12,0.5475228023547384
80,full_bundle,0.95,27,0.19,0.537249215048477
120,full_bundle,0.95,27,0.135,0.5414295688802647
160,full_bundle,0.95,27,0.115,0.5480263144866612
240,full_bundle,0.95,27,0.15,0.5483505062663512
80,full_bundle,0.95,28,0.135,0.5408307121482326
120,full_bundle,0.95,28,0.13,0.5529596175700245
160,full_bundle,0.95,28,0.115,0.5600609086950652
240,full_bundle,0.95,28,0.135,0.5500397412016593
80,full_bundle,0.95,29,0.12,0.5483245501867315
120,full_bundle,0.95,29,0.11,0.544757668593478
160,full_bundle,0.95,29,0.155,0.5413759848064349
240,full_bundle,0.95,29,0.13,0.5493181894649015
80,full_bundle,0.95,30,0.135,0.5566934308567785
120,full_bundle,0.95,30,0.155,0.5384380416722019
160,full_bundle,0.95,30,0.135,0.5468013270583373
240,full_bundle,0.95,30,0.12,0.5529079424141462
80,full_bundle,0.95,31,0.15,0.5517674098198074
120,full_bundle,0.95,31,0.095,0.5506149077296023
160,full_bundle,0.95,31,0.145,0.5503435141840717
240,full_bundle,0.95,31,0.14,0.5531992674515699
80,full_bundle,0.95,32,0.125,0.5569624528351391
120,full_bundle,0.95,32,0.11,0.5566912426629639
160,full_bundle,0.95,32,0.155,0.535123422506613
240,full_bundle,0.95,32,0.105,0.5510815407384665
80,full_bundle,0.95,33,0.135,0.5519806637134127
120,full_bundle,0.95,33,0.16,0.5450513709230751
160,full_bundle,0.95,33,0.125,0.559206224195758
240,full_bundle,0.95,33,0.135,0.5445036776029617
80,full_bundle,0.95,34,0.135,0.544248240018956
120,full_bundle,0.95,34,0.135,0.5466823220784423
160,full_bundle,0.95,34,0.115,0.5462366265099768
240,full_bundle,0.95,34,0.105,0.5604952279611173
80,full_bundle,0.95,35,0.14,0.5463652003713811
120,full_bundle,0.95,35,0.09,0.5597902144955944
160,full_bundle,0.95,35,0.085,0.5607533445509182
240,full_bundle,0.95,35,0.105,0.5505758638652309
80,full_bundle,0.95,36,0.12,0.5513813905203088
120,full_bundle,0.95,36,0.145,0.5439461505982114
160,full_bundle,0.95,36,0.135,0.5477609524849564
240,full_bundle,0.95,36,0.17,0.5404373266902706
80,full_bundle,0.95,37,0.12,0.5623108067898214
120,full_bundle,0.95,37,0.125,0.5536259392953992
160,full_bundle,0.95,37,0.135,0.5544119494861934
240,full_bundle,0.95,37,0.12,0.5606954727696508
80,full_bundle,0.95,38,0.11,0.5507661429413728
120,full_bundle,0.95,38,0.175,0.537908946732774
160,full_bundle,0.95,38,0.12,0.5475958448768784
240,full_bundle,0.95,38,0.09,0.5615992779631191
80,full_bundle,0.95,39,0.115,0.5527348622059405
120,full_bundle,0.95,39,0.145,0.5362017227722792
160,full_bundle,0.95,39,0.105,0.5630329429422727
240,full_bundle,0.95,39,0.175,0.5369753209499308
80,full_bundle,0.95,40,0.135,0.5532733908920127
120,full_bundle,0.95,40,0.14,0.5458338339987088
160,full_bundle,0.95,40,0.115,0.5618609542100712
240,full_bundle,0.95,40,0.115,0.5607429545719567
80,full_bundle,0.95,41,0.16,0.5407407559166618
120,full_bundle,0.95,41,0.115,0.5532033266747288
160,full_bundle,0.95,41,0.105,0.5531717957771504
240,full_bundle,0.95,41,0.125,0.5497631849262045
80,full_bundle,0.95,42,0.155,0.5378404471281741
120,full_bundle,0.95,42,0.125,0.5504167331357585
160,full_bundle,0.95,42,0.135,0.5441147390720931
240,full_bundle,0.95,42,0.125,0.5370950173320233
80,full_bundle,0.95,43,0.085,0.5622529683130313
120,full_bundle,0.95,43,0.135,0.5549286228961847
160,full_bundle,0.95,43,0.165,0.5464244601659729
240,full_bundle,0.95,43,0.07,0.5620719764507442
80,full_bundle,0.95,44,0.1,0.5531035182798749
120,full_bundle,0.95,44,0.16,0.5514643688482878
160,full_bundle,0.95,44,0.105,0.5599583338881463
240,full_bundle,0.95,44,0.14,0.5514415882354138
80,full_bundle,0.95,45,0.095,0.5547244552721593
120,full_bundle,0.95,45,0.115,0.5559491626027974
160,full_bundle,0.95,45,0.125,0.5503682880717155
240,full_bundle,0.95,45,0.15,0.5398165115188841
80,full_bundle,0.95,46,0.125,0.5518382126351247
120,full_bundle,0.95,46,0.11,0.5516182192536467
160,full_bundle,0.95,46,0.125,0.550816321582984
240,full_bundle,0.95,46,0.155,0.541594770979779
80,full_bundle,0.95,47,0.135,0.539990272832862
120,full_bundle,0.95,47,0.125,0.5411036732962219
160,full_bundle,0.95,47,0.115,0.5593511613698835
240,full_bundle,0.95,47,0.155,0.5309670447541044
80,full_bundle,0.95,48,0.08,0.5591862432429086
120,full_bundle,0.95,48,0.14,0.5413852833325897
160,full_bundle,0.95,48,0.12,0.5471987117404375
240,full_bundle,0.95,48,0.145,0.5436025435476505
80,full_bundle,0.95,49,0.175,0.5389826469037358
120,full_bundle,0.95,49,0.18,0.5418247193129215
160,full_bundle,0.95,49,0.15,0.5396046554440812
240,full_bundle,0.95,49,0.15,0.5345257793928604
