speed,scenario,step,steps_after_target,run_id,sink_index,meaning_index,post_labor_current
rapid,baseline,15,10,0,0.665,0.37600387544026986,0.95
rapid,baseline,25,20,0,0.76,0.3401794802737265,0.95
rapid,baseline,45,40,0,0.775,0.3382092451035785,0.95
rapid,baseline,15,10,1,0.645,0.38350189104442356,0.95
rapid,baseline,25,20,1,0.73,0.34758977955422343,0.95
rapid,baseline,45,40,1,0.81,0.3332944931446881,0.95
rapid,baseline,15,10,2,0.665,0.37429635226313535,0.95
rapid,baseline,25,20,2,0.66,0.36442136453992885,0.95
rapid,baseline,45,40,2,0.8,0.3347375064571602,0.95
rapid,baseline,15,10,3,0.68,0.3748912848681297,0.95
rapid,baseline,25,20,3,0.705,0.3614512739838168,0.95
rapid,baseline,45,40,3,0.815,0.32361699189631893,0.95
rapid,baseline,15,10,4,0.59,0.38492351560392973,0.95
rapid,baseline,25,20,4,0.765,0.345730848486066,0.95
rapid,baseline,45,40,4,0.82,0.3190967826681382,0.95
rapid,baseline,15,10,5,0.555,0.4008357046018382,0.95
rapid,baseline,25,20,5,0.755,0.3531024295405878,0.95
rapid,baseline,45,40,5,0.785,0.3276797433366659,0.95
rapid,baseline,15,10,6,0.61,0.37731384818577834,0.95
rapid,baseline,25,20,6,0.7,0.34799066701096154,0.95
rapid,baseline,45,40,6,0.8,0.331006391276796,0.95
rapid,baseline,15,10,7,0.58,0.4011099323557053,0.95
rapid,baseline,25,20,7,0.765,0.3444161141141873,0.95
rapid,baseline,45,40,7,0.805,0.32559820341012846,0.95
rapid,baseline,15,10,8,0.725,0.3670121144323724,0.95
rapid,baseline,25,20,8,0.745,0.3425559702479255,0.95
rapid,baseline,45,40,8,0.79,0.33582624790957416,0.95
rapid,baseline,15,10,9,0.655,0.370976396456645,0.95
rapid,baseline,25,20,9,0.765,0.3310913688479065,0.95
rapid,baseline,45,40,9,0.8,0.32179281508437785,0.95
rapid,baseline,15,10,10,0.665,0.3754132910451006,0.95
rapid,baseline,25,20,10,0.745,0.34659513843472595,0.95
rapid,baseline,45,40,10,0.77,0.34321571271625406,0.95
rapid,baseline,15,10,11,0.575,0.3943223806857494,0.95
rapid,baseline,25,20,11,0.765,0.35290855658568326,0.95
rapid,baseline,45,40,11,0.76,0.33666018739301057,0.95
rapid,baseline,15,10,12,0.665,0.3739192653150149,0.95
rapid,baseline,25,20,12,0.77,0.33739523892168044,0.95
rapid,baseline,45,40,12,0.83,0.330141504794001,0.95
rapid,baseline,15,10,13,0.695,0.38414367906918684,0.95
rapid,baseline,25,20,13,0.765,0.34162066264699203,0.95
rapid,baseline,45,40,13,0.815,0.31984544202276405,0.95
rapid,baseline,15,10,14,0.58,0.39162269754982354,0.95
rapid,baseline,25,20,14,0.685,0.3531173194200815,0.95
rapid,baseline,45,40,14,0.745,0.3425967757768547,0.95
rapid,baseline,15,10,15,0.675,0.3758924432005786,0.95
rapid,baseline,25,20,15,0.74,0.34760913147853884,0.95
rapid,baseline,45,40,15,0.745,0.3317585722957945,0.95
rapid,baseline,15,10,16,0.68,0.3721277884184884,0.95
rapid,baseline,25,20,16,0.735,0.34303457412680344,0.95
rapid,baseline,45,40,16,0.79,0.3240967062178624,0.95
rapid,baseline,15,10,17,0.535,0.39953777896561177,0.95
rapid,baseline,25,20,17,0.73,0.3568576675691169,0.95
rapid,baseline,45,40,17,0.815,0.3263687590498053,0.95
rapid,baseline,15,10,18,0.665,0.3730788582507283,0.95
rapid,baseline,25,20,18,0.795,0.33705174422056644,0.95
rapid,baseline,45,40,18,0.765,0.33563689021787313,0.95
rapid,baseline,15,10,19,0.705,0.3732713460019302,0.95
rapid,baseline,25,20,19,0.75,0.34124856247217505,0.95
rapid,baseline,45,40,19,0.805,0.329948923948605,0.95
rapid,baseline,15,10,20,0.67,0.37900261682969083,0.95
rapid,baseline,25,20,20,0.76,0.344906005833402,0.95
rapid,baseline,45,40,20,0.79,0.33872697823982706,0.95
rapid,baseline,15,10,21,0.66,0.37833518449514103,0.95
rapid,baseline,25,20,21,0.775,0.35042143182290586,0.95
rapid,baseline,45,40,21,0.79,0.3408529429000244,0.95
rapid,baseline,15,10,22,0.635,0.38201308973769554,0.95
rapid,baseline,25,20,22,0.705,0.35313491695037913,0.95
rapid,baseline,45,40,22,0.79,0.335306799265461,0.95
rapid,baseline,15,10,23,0.61,0.3916515371694766,0.95
rapid,baseline,25,20,23,0.73,0.3611070531328213,0.95
rapid,baseline,45,40,23,0.73,0.3438142251788943,0.95
rapid,baseline,15,10,24,0.655,0.37428321818866545,0.95
rapid,baseline,25,20,24,0.77,0.3411741987968774,0.95
rapid,baseline,45,40,24,0.84,0.32093820156356484,0.95
rapid,baseline,15,10,25,0.555,0.4031274274594162,0.95
rapid,baseline,25,20,25,0.665,0.3664659407828373,0.95
rapid,baseline,45,40,25,0.8,0.3313368245135594,0.95
rapid,baseline,15,10,26,0.655,0.38558650911495734,0.95
rapid,baseline,25,20,26,0.695,0.3634875087263377,0.95
rapid,baseline,45,40,26,0.74,0.3338117382305727,0.95
rapid,baseline,15,10,27,0.66,0.3733604556052805,0.95
rapid,baseline,25,20,27,0.775,0.3360131020988609,0.95
rapid,baseline,45,40,27,0.81,0.31770565251509797,0.95
rapid,baseline,15,10,28,0.63,0.3850981371309217,0.95
rapid,baseline,25,20,28,0.7,0.34901197929588584,0.95
rapid,baseline,45,40,28,0.785,0.32702111614939794,0.95
rapid,baseline,15,10,29,0.65,0.37513201367670407,0.95
rapid,baseline,25,20,29,0.77,0.34261740166656923,0.95
rapid,baseline,45,40,29,0.745,0.3460141110274935,0.95
rapid,baseline,15,10,30,0.605,0.3851572156089301,0.95
rapid,baseline,25,20,30,0.795,0.3450927841886727,0.95
rapid,baseline,45,40,30,0.8,0.3340871189339204,0.95
rapid,baseline,15,10,31,0.695,0.3676906516887658,0.95
rapid,baseline,25,20,31,0.775,0.3474390649348825,0.95
rapid,baseline,45,40,31,0.81,0.3294782022864288,0.95
rapid,baseline,15,10,32,0.655,0.3731300895072714,0.95
rapid,baseline,25,20,32,0.76,0.34116596425218754,0.95
rapid,baseline,45,40,32,0.765,0.33678369062635044,0.95
rapid,baseline,15,10,33,0.645,0.38824906331263664,0.95
rapid,baseline,25,20,33,0.79,0.3506639738934279,0.95
rapid,baseline,45,40,33,0.83,0.32131082192962424,0.95
rapid,baseline,15,10,34,0.615,0.3847393496537219,0.95
rapid,baseline,25,20,34,0.635,0.367236945519296,0.95
rapid,baseline,45,40,34,0.81,0.3287619721247211,0.95
rapid,baseline,15,10,35,0.65,0.37998049563158465,0.95
rapid,baseline,25,20,35,0.67,0.3676369550212029,0.95
rapid,baseline,45,40,35,0.82,0.32678416903766716,0.95
rapid,baseline,15,10,36,0.675,0.3740037652774799,0.95
rapid,baseline,25,20,36,0.73,0.34863538737329686,0.95
rapid,baseline,45,40,36,0.805,0.32042409043339704,0.95
rapid,baseline,15,10,37,0.59,0.40044150076661933,0.95
rapid,baseline,25,20,37,0.67,0.36692069137487515,0.95
rapid,baseline,45,40,37,0.75,0.33583435444196114,0.95
rapid,baseline,15,10,38,0.64,0.37808727974277667,0.95
rapid,baseline,25,20,38,0.745,0.34864550950770223,0.95
rapid,baseline,45,40,38,0.795,0.3224665969497431,0.95
rapid,baseline,15,10,39,0.705,0.37592770347181703,0.95
rapid,baseline,25,20,39,0.76,0.33359009297579867,0.95
rapid,baseline,45,40,39,0.795,0.3332854174909924,0.95
rapid,baseline,15,10,40,0.595,0.3972835400259845,0.95
rapid,baseline,25,20,40,0.655,0.36056459690026604,0.95
rapid,baseline,45,40,40,0.795,0.3332765312183961,0.95
rapid,baseline,15,10,41,0.62,0.3908239724312119,0.95
rapid,baseline,25,20,41,0.72,0.35734254946017147,0.95
rapid,baseline,45,40,41,0.81,0.3286640619140745,0.95
rapid,baseline,15,10,42,0.67,0.3711608878447676,0.95
rapid,baseline,25,20,42,0.765,0.35308852960363274,0.95
rapid,baseline,45,40,42,0.8,0.33332547402030643,0.95
rapid,baseline,15,10,43,0.68,0.3624617459416072,0.95
rapid,baseline,25,20,43,0.77,0.330338544081221,0.95
rapid,baseline,45,40,43,0.78,0.327359605594707,0.95
rapid,baseline,15,10,44,0.72,0.36589402994333525,0.95
rapid,baseline,25,20,44,0.72,0.35260428887167705,0.95
rapid,baseline,45,40,44,0.815,0.31888639820418974,0.95
rapid,baseline,15,10,45,0.66,0.37831707721657437,0.95
rapid,baseline,25,20,45,0.725,0.35119060627287974,0.95
rapid,baseline,45,40,45,0.77,0.33900018391468334,0.95
rapid,baseline,15,10,46,0.64,0.3867344950732482,0.95
rapid,baseline,25,20,46,0.695,0.36308377539933223,0.95
rapid,baseline,45,40,46,0.765,0.3407510341062639,0.95
rapid,baseline,15,10,47,0.63,0.3791968795175989,0.95
rapid,baseline,25,20,47,0.735,0.350942638277496,0.95
rapid,baseline,45,40,47,0.755,0.3385582097387333,0.95
rapid,baseline,15,10,48,0.71,0.3597938911190304,0.95
rapid,baseline,25,20,48,0.735,0.3448309087261797,0.95
rapid,baseline,45,40,48,0.785,0.3239252646821433,0.95
rapid,baseline,15,10,49,0.65,0.3742541299175258,0.95
rapid,baseline,25,20,49,0.72,0.35319205195558423,0.95
rapid,baseline,45,40,49,0.75,0.3457244469420839,0.95
rapid,ubi_only,15,10,0,0.38,0.4481579126889163,0.95
rapid,ubi_only,25,20,0,0.52,0.42112341691986566,0.95
rapid,ubi_only,45,40,0,0.51,0.4245272892249744,0.95
rapid,ubi_only,15,10,1,0.395,0.4575148405777288,0.95
rapid,ubi_only,25,20,1,0.435,0.4306930450809491,0.95
rapid,ubi_only,45,40,1,0.505,0.4196744086080406,0.95
rapid,ubi_only,15,10,2,0.375,0.44731954099097754,0.95
rapid,ubi_only,25,20,2,0.42,0.4445706997784372,0.95
rapid,ubi_only,45,40,2,0.505,0.421049827240151,0.95
rapid,ubi_only,15,10,3,0.445,0.44591474621690524,0.95
rapid,ubi_only,25,20,3,0.43,0.44285539671581076,0.95
rapid,ubi_only,45,40,3,0.52,0.4116347845501272,0.95
rapid,ubi_only,15,10,4,0.385,0.45348998692876585,0.95
rapid,ubi_only,25,20,4,0.515,0.4257310144031402,0.95
rapid,ubi_only,45,40,4,0.56,0.40335003901863453,0.95
rapid,ubi_only,15,10,5,0.325,0.47253126628274444,0.95
rapid,ubi_only,25,20,5,0.43,0.4352952939724867,0.95
rapid,ubi_only,45,40,5,0.515,0.4130802539881375,0.95
rapid,ubi_only,15,10,6,0.41,0.4465969198703692,0.95
rapid,ubi_only,25,20,6,0.495,0.42655977248247695,0.95
rapid,ubi_only,45,40,6,0.545,0.41558682762041044,0.95
rapid,ubi_only,15,10,7,0.32,0.47250787269545363,0.95
rapid,ubi_only,25,20,7,0.515,0.42668657942260124,0.95
rapid,ubi_only,45,40,7,0.525,0.4124536585597194,0.95
rapid,ubi_only,15,10,8,0.43,0.43929447802978494,0.95
rapid,ubi_only,25,20,8,0.485,0.4238374944126208,0.95
rapid,ubi_only,45,40,8,0.51,0.42171611033792034,0.95
rapid,ubi_only,15,10,9,0.43,0.44161160722336185,0.95
rapid,ubi_only,25,20,9,0.54,0.41037864294238036,0.95
rapid,ubi_only,45,40,9,0.555,0.40538539200357976,0.95
rapid,ubi_only,15,10,10,0.38,0.45048402759524137,0.95
rapid,ubi_only,25,20,10,0.45,0.42841946132975633,0.95
rapid,ubi_only,45,40,10,0.45,0.431450785349779,0.95
rapid,ubi_only,15,10,11,0.335,0.4647642397739959,0.95
rapid,ubi_only,25,20,11,0.435,0.43825955874641953,0.95
rapid,ubi_only,45,40,11,0.495,0.4224719904862124,0.95
rapid,ubi_only,15,10,12,0.425,0.4451792092488299,0.95
rapid,ubi_only,25,20,12,0.505,0.4206012073633425,0.95
rapid,ubi_only,45,40,12,0.48,0.41982617031031166,0.95
rapid,ubi_only,15,10,13,0.385,0.455982292952319,0.95
rapid,ubi_only,25,20,13,0.495,0.4247992310434854,0.95
rapid,ubi_only,45,40,13,0.575,0.4040187605587961,0.95
rapid,ubi_only,15,10,14,0.405,0.4615877467080543,0.95
rapid,ubi_only,25,20,14,0.465,0.4331059267631101,0.95
rapid,ubi_only,45,40,14,0.49,0.42711113325651034,0.95
rapid,ubi_only,15,10,15,0.405,0.44947458591512024,0.95
rapid,ubi_only,25,20,15,0.48,0.4302636641370373,0.95
rapid,ubi_only,45,40,15,0.545,0.41577173363158065,0.95
rapid,ubi_only,15,10,16,0.35,0.4466618791823083,0.95
rapid,ubi_only,25,20,16,0.475,0.42379035403770005,0.95
rapid,ubi_only,45,40,16,0.615,0.40737652708159944,0.95
rapid,ubi_only,15,10,17,0.335,0.47016850470068206,0.95
rapid,ubi_only,25,20,17,0.385,0.44079527046657263,0.95
rapid,ubi_only,45,40,17,0.525,0.41601210751716594,0.95
rapid,ubi_only,15,10,18,0.38,0.4469129583140354,0.95
rapid,ubi_only,25,20,18,0.485,0.4204188360581436,0.95
rapid,ubi_only,45,40,18,0.51,0.4209851259430268,0.95
rapid,ubi_only,15,10,19,0.41,0.4461955309887412,0.95
rapid,ubi_only,25,20,19,0.535,0.4213707767991896,0.95
rapid,ubi_only,45,40,19,0.5,0.41761776442908316,0.95
rapid,ubi_only,15,10,20,0.395,0.4518304144748413,0.95
rapid,ubi_only,25,20,20,0.495,0.42679016967938965,0.95
rapid,ubi_only,45,40,20,0.44,0.42887040084522576,0.95
rapid,ubi_only,15,10,21,0.395,0.4500261631202558,0.95
rapid,ubi_only,25,20,21,0.475,0.4333281165878124,0.95
rapid,ubi_only,45,40,21,0.46,0.4306973421578874,0.95
rapid,ubi_only,15,10,22,0.365,0.4532897820340871,0.95
rapid,ubi_only,25,20,22,0.46,0.43537264843431794,0.95
rapid,ubi_only,45,40,22,0.49,0.42294006656671884,0.95
rapid,ubi_only,15,10,23,0.34,0.46308119225086986,0.95
rapid,ubi_only,25,20,23,0.435,0.44355742649030416,0.95
rapid,ubi_only,45,40,23,0.455,0.4300330861973135,0.95
rapid,ubi_only,15,10,24,0.42,0.4477656855293884,0.95
rapid,ubi_only,25,20,24,0.52,0.42195585544785463,0.95
rapid,ubi_only,45,40,24,0.535,0.40709590158743325,0.95
rapid,ubi_only,15,10,25,0.28,0.47495253161194256,0.95
rapid,ubi_only,25,20,25,0.41,0.4482315982692765,0.95
rapid,ubi_only,45,40,25,0.485,0.42139611170915375,0.95
rapid,ubi_only,15,10,26,0.35,0.4588424587863813,0.95
rapid,ubi_only,25,20,26,0.415,0.4473090682648255,0.95
rapid,ubi_only,45,40,26,0.49,0.41898952158638736,0.95
rapid,ubi_only,15,10,27,0.435,0.4444543110620895,0.95
rapid,ubi_only,25,20,27,0.52,0.4156033986213781,0.95
rapid,ubi_only,45,40,27,0.525,0.40311651155558015,0.95
rapid,ubi_only,15,10,28,0.385,0.4568818527021182,0.95
rapid,ubi_only,25,20,28,0.465,0.42698976233018043,0.95
rapid,ubi_only,45,40,28,0.55,0.411809266782277,0.95
rapid,ubi_only,15,10,29,0.44,0.44633912611553755,0.95
rapid,ubi_only,25,20,29,0.45,0.4255569380865127,0.95
rapid,ubi_only,45,40,29,0.445,0.43422160495419154,0.95
rapid,ubi_only,15,10,30,0.38,0.4563556616978466,0.95
rapid,ubi_only,25,20,30,0.465,0.4270019859914752,0.95
rapid,ubi_only,45,40,30,0.475,0.4226344457738478,0.95
rapid,ubi_only,15,10,31,0.455,0.43763009445011136,0.95
rapid,ubi_only,25,20,31,0.48,0.4266718510433853,0.95
rapid,ubi_only,45,40,31,0.5,0.41874263058676,0.95
rapid,ubi_only,15,10,32,0.445,0.44367730437617214,0.95
rapid,ubi_only,25,20,32,0.52,0.4214159109066531,0.95
rapid,ubi_only,45,40,32,0.53,0.42093041291374855,0.95
rapid,ubi_only,15,10,33,0.38,0.45918743011972213,0.95
rapid,ubi_only,25,20,33,0.465,0.4349538132823294,0.95
rapid,ubi_only,45,40,33,0.585,0.4066156320633744,0.95
rapid,ubi_only,15,10,34,0.38,0.4555763816303673,0.95
rapid,ubi_only,25,20,34,0.42,0.4469241926229685,0.95
rapid,ubi_only,45,40,34,0.53,0.41431367382497813,0.95
rapid,ubi_only,15,10,35,0.395,0.45172867470820677,0.95
rapid,ubi_only,25,20,35,0.415,0.44806143200373383,0.95
rapid,ubi_only,45,40,35,0.53,0.4124604019593751,0.95
rapid,ubi_only,15,10,36,0.44,0.4446267122635193,0.95
rapid,ubi_only,25,20,36,0.475,0.43058159469366564,0.95
rapid,ubi_only,45,40,36,0.565,0.40642094206528756,0.95
rapid,ubi_only,15,10,37,0.32,0.4707479744234513,0.95
rapid,ubi_only,25,20,37,0.435,0.4476978941826093,0.95
rapid,ubi_only,45,40,37,0.53,0.4202967284307631,0.95
rapid,ubi_only,15,10,38,0.39,0.44989215621930634,0.95
rapid,ubi_only,25,20,38,0.45,0.43045432493583313,0.95
rapid,ubi_only,45,40,38,0.535,0.4069434226176382,0.95
rapid,ubi_only,15,10,39,0.465,0.44746651544754334,0.95
rapid,ubi_only,25,20,39,0.53,0.4127506666298746,0.95
rapid,ubi_only,45,40,39,0.495,0.4194672228826104,0.95
rapid,ubi_only,15,10,40,0.335,0.4701910293316465,0.95
rapid,ubi_only,25,20,40,0.395,0.44268233035047805,0.95
rapid,ubi_only,45,40,40,0.515,0.41965516135449066,0.95
rapid,ubi_only,15,10,41,0.335,0.46274926048549775,0.95
rapid,ubi_only,25,20,41,0.47,0.4377293255083016,0.95
rapid,ubi_only,45,40,41,0.545,0.41500373918692435,0.95
rapid,ubi_only,15,10,42,0.44,0.4411925882615481,0.95
rapid,ubi_only,25,20,42,0.41,0.4374218070871387,0.95
rapid,ubi_only,45,40,42,0.475,0.42226331836261904,0.95
rapid,ubi_only,15,10,43,0.47,0.43223866258314847,0.95
rapid,ubi_only,25,20,43,0.55,0.4102696967219465,0.95
rapid,ubi_only,45,40,43,0.52,0.4126661655504363,0.95
rapid,ubi_only,15,10,44,0.395,0.4400320705614807,0.95
rapid,ubi_only,25,20,44,0.42,0.4367101441584688,0.95
rapid,ubi_only,45,40,44,0.555,0.4053984844188131,0.95
rapid,ubi_only,15,10,45,0.415,0.44918549204148767,0.95
rapid,ubi_only,25,20,45,0.46,0.43213257534916977,0.95
rapid,ubi_only,45,40,45,0.46,0.42690881869446246,0.95
rapid,ubi_only,15,10,46,0.315,0.45872182501124426,0.95
rapid,ubi_only,25,20,46,0.45,0.44510403398505816,0.95
rapid,ubi_only,45,40,46,0.505,0.42816300950509645,0.95
rapid,ubi_only,15,10,47,0.335,0.4514624956048975,0.95
rapid,ubi_only,25,20,47,0.46,0.4322377266659885,0.95
rapid,ubi_only,45,40,47,0.49,0.42479629696414406,0.95
rapid,ubi_only,15,10,48,0.4,0.43378089763432276,0.95
rapid,ubi_only,25,20,48,0.51,0.4239872681572858,0.95
rapid,ubi_only,45,40,48,0.55,0.40856869946891794,0.95
rapid,ubi_only,15,10,49,0.38,0.44725829570548514,0.95
rapid,ubi_only,25,20,49,0.48,0.4344869460206791,0.95
rapid,ubi_only,45,40,49,0.46,0.43512747401536345,0.95
rapid,full_bundle,15,10,0,0.09,0.5481680996899341,0.95
rapid,full_bundle,25,20,0,0.135,0.5414352547572382,0.95
rapid,full_bundle,45,40,0,0.095,0.5574535888912713,0.95
rapid,full_bundle,15,10,1,0.08,0.5582241791529929,0.95
rapid,full_bundle,25,20,1,0.135,0.5484144672796202,0.95
rapid,full_bundle,45,40,1,0.135,0.548423954078034,0.95
rapid,full_bundle,15,10,2,0.135,0.5469083631421475,0.95
rapid,full_bundle,25,20,2,0.125,0.5615812896959099,0.95
rapid,full_bundle,45,40,2,0.115,0.5519720697191969,0.95
rapid,full_bundle,15,10,3,0.125,0.5474661142813715,0.95
rapid,full_bundle,25,20,3,0.07,0.5632626139868954,0.95
rapid,full_bundle,45,40,3,0.135,0.5433469470543498,0.95
rapid,full_bundle,15,10,4,0.15,0.5517564941775853,0.95
rapid,full_bundle,25,20,4,0.11,0.5493658010046886,0.95
rapid,full_bundle,45,40,4,0.135,0.535310190199201,0.95
rapid,full_bundle,15,10,5,0.095,0.5689740875061681,0.95
rapid,full_bundle,25,20,5,0.1,0.5527381233765634,0.95
rapid,full_bundle,45,40,5,0.15,0.543344435589454,0.95
rapid,full_bundle,15,10,6,0.185,0.5446655376251589,0.95
rapid,full_bundle,25,20,6,0.145,0.5441878051183782,0.95
rapid,full_bundle,45,40,6,0.155,0.5474805688791445,0.95
rapid,full_bundle,15,10,7,0.08,0.5697234079569895,0.95
rapid,full_bundle,25,20,7,0.1,0.5461867970407804,0.95
rapid,full_bundle,45,40,7,0.16,0.5414872809250101,0.95
rapid,full_bundle,15,10,8,0.14,0.5406985690863604,0.95
rapid,full_bundle,25,20,8,0.13,0.5454687176894868,0.95
rapid,full_bundle,45,40,8,0.11,0.5527024168847982,0.95
rapid,full_bundle,15,10,9,0.165,0.5395255096787194,0.95
rapid,full_bundle,25,20,9,0.21,0.5272222395912408,0.95
rapid,full_bundle,45,40,9,0.175,0.5353509177147642,0.95
rapid,full_bundle,15,10,10,0.105,0.5512936029644666,0.95
rapid,full_bundle,25,20,10,0.11,0.5491831817096304,0.95
rapid,full_bundle,45,40,10,0.13,0.5578077618593742,0.95
rapid,full_bundle,15,10,11,0.145,0.5621874121528818,0.95
rapid,full_bundle,25,20,11,0.11,0.5572851136862537,0.95
rapid,full_bundle,45,40,11,0.105,0.5521089595122561,0.95
rapid,full_bundle,15,10,12,0.13,0.5457501716123392,0.95
rapid,full_bundle,25,20,12,0.16,0.5368324877528149,0.95
rapid,full_bundle,45,40,12,0.1,0.5492844174114682,0.95
rapid,full_bundle,15,10,13,0.095,0.55657506726482,0.95
rapid,full_bundle,25,20,13,0.13,0.5432324076316526,0.95
rapid,full_bundle,45,40,13,0.16,0.5366143278946215,0.95
rapid,full_bundle,15,10,14,0.11,0.5617227642541591,0.95
rapid,full_bundle,25,20,14,0.14,0.549014282691304,0.95
rapid,full_bundle,45,40,14,0.12,0.5576414279579844,0.95
rapid,full_bundle,15,10,15,0.105,0.549845269770431,0.95
rapid,full_bundle,25,20,15,0.13,0.5496956245713926,0.95
rapid,full_bundle,45,40,15,0.14,0.5452045994224805,0.95
rapid,full_bundle,15,10,16,0.12,0.5445072668377535,0.95
rapid,full_bundle,25,20,16,0.155,0.5427586387751998,0.95
rapid,full_bundle,45,40,16,0.11,0.5434573131504281,0.95
rapid,full_bundle,15,10,17,0.095,0.5680710299798165,0.95
rapid,full_bundle,25,20,17,0.135,0.5552015000359102,0.95
rapid,full_bundle,45,40,17,0.125,0.5465838796141625,0.95
rapid,full_bundle,15,10,18,0.15,0.5449037171484372,0.95
rapid,full_bundle,25,20,18,0.125,0.5397161868702648,0.95
rapid,full_bundle,45,40,18,0.16,0.5492113225690507,0.95
rapid,full_bundle,15,10,19,0.11,0.5481099338904012,0.95
rapid,full_bundle,25,20,19,0.12,0.543846470502066,0.95
rapid,full_bundle,45,40,19,0.15,0.5475107341582514,0.95
rapid,full_bundle,15,10,20,0.125,0.5515419791809117,0.95
rapid,full_bundle,25,20,20,0.11,0.5479146518156014,0.95
rapid,full_bundle,45,40,20,0.09,0.5590620843534256,0.95
rapid,full_bundle,15,10,21,0.135,0.5493240905853672,0.95
rapid,full_bundle,25,20,21,0.105,0.5521538211001149,0.95
rapid,full_bundle,45,40,21,0.065,0.5615831498988544,0.95
rapid,full_bundle,15,10,22,0.135,0.5527146967938638,0.95
rapid,full_bundle,25,20,22,0.12,0.5539510297815465,0.95
rapid,full_bundle,45,40,22,0.11,0.553170729259579,0.95
rapid,full_bundle,15,10,23,0.11,0.5600332988464496,0.95
rapid,full_bundle,25,20,23,0.08,0.5620500905544032,0.95
rapid,full_bundle,45,40,23,0.12,0.5579169074492142,0.95
rapid,full_bundle,15,10,24,0.12,0.5492609996009543,0.95
rapid,full_bundle,25,20,24,0.165,0.5421496899178956,0.95
rapid,full_bundle,45,40,24,0.19,0.5358643163178107,0.95
rapid,full_bundle,15,10,25,0.105,0.571048536153332,0.95
rapid,full_bundle,25,20,25,0.1,0.5644037432715056,0.95
rapid,full_bundle,45,40,25,0.125,0.5501640138039905,0.95
rapid,full_bundle,15,10,26,0.075,0.55735579193975,0.95
rapid,full_bundle,25,20,26,0.11,0.5647668147950456,0.95
rapid,full_bundle,45,40,26,0.145,0.5483632532661802,0.95
rapid,full_bundle,15,10,27,0.135,0.5457439829365913,0.95
rapid,full_bundle,25,20,27,0.14,0.5385567801815002,0.95
rapid,full_bundle,45,40,27,0.2,0.5321423502619751,0.95
rapid,full_bundle,15,10,28,0.09,0.5577378784073934,0.95
rapid,full_bundle,25,20,28,0.13,0.5468982535091862,0.95
rapid,full_bundle,45,40,28,0.145,0.5457122457775266,0.95
rapid,full_bundle,15,10,29,0.075,0.5492051764348933,0.95
rapid,full_bundle,25,20,29,0.14,0.5446066952525136,0.95
rapid,full_bundle,45,40,29,0.105,0.5626676661571489,0.95
rapid,full_bundle,15,10,30,0.09,0.5563800865541388,0.95
rapid,full_bundle,25,20,30,0.11,0.546254089586478,0.95
rapid,full_bundle,45,40,30,0.1,0.5514376435344819,0.95
rapid,full_bundle,15,10,31,0.185,0.5363420237896119,0.95
rapid,full_bundle,25,20,31,0.14,0.5450409771119099,0.95
rapid,full_bundle,45,40,31,0.145,0.5486245103046056,0.95
rapid,full_bundle,15,10,32,0.105,0.5449722132675031,0.95
rapid,full_bundle,25,20,32,0.135,0.542293953950876,0.95
rapid,full_bundle,45,40,32,0.155,0.54966446430216,0.95
rapid,full_bundle,15,10,33,0.095,0.558089463426517,0.95
rapid,full_bundle,25,20,33,0.07,0.5555860273394796,0.95
rapid,full_bundle,45,40,33,0.125,0.5396197543343331,0.95
rapid,full_bundle,15,10,34,0.145,0.5542311667101468,0.95
rapid,full_bundle,25,20,34,0.095,0.5643365002191097,0.95
rapid,full_bundle,45,40,34,0.145,0.5449564922779605,0.95
rapid,full_bundle,15,10,35,0.14,0.5496007202345762,0.95
rapid,full_bundle,25,20,35,0.09,0.5640766839917911,0.95
rapid,full_bundle,45,40,35,0.145,0.542492743594455,0.95
rapid,full_bundle,15,10,36,0.13,0.5474853515269119,0.95
rapid,full_bundle,25,20,36,0.145,0.5497224350826514,0.95
rapid,full_bundle,45,40,36,0.165,0.5360310727676658,0.95
rapid,full_bundle,15,10,37,0.095,0.5693708543854554,0.95
rapid,full_bundle,25,20,37,0.105,0.5650121058653623,0.95
rapid,full_bundle,45,40,37,0.145,0.5515566318071954,0.95
rapid,full_bundle,15,10,38,0.115,0.5501807570234892,0.95
rapid,full_bundle,25,20,38,0.13,0.5491914615824641,0.95
rapid,full_bundle,45,40,38,0.155,0.5366144169643744,0.95
rapid,full_bundle,15,10,39,0.08,0.5517293179515588,0.95
rapid,full_bundle,25,20,39,0.2,0.5309591874924638,0.95
rapid,full_bundle,45,40,39,0.13,0.5517307628003766,0.95
rapid,full_bundle,15,10,40,0.075,0.5679602011709914,0.95
rapid,full_bundle,25,20,40,0.13,0.5581409138507071,0.95
rapid,full_bundle,45,40,40,0.1,0.5501960116985356,0.95
rapid,full_bundle,15,10,41,0.09,0.5620915428819483,0.95
rapid,full_bundle,25,20,41,0.105,0.5552464534948792,0.95
rapid,full_bundle,45,40,41,0.135,0.5466855041551323,0.95
rapid,full_bundle,15,10,42,0.14,0.5418626741486018,0.95
rapid,full_bundle,25,20,42,0.11,0.5538198197478736,0.95
rapid,full_bundle,45,40,42,0.125,0.5520364808954445,0.95
rapid,full_bundle,15,10,43,0.125,0.5362863361056226,0.95
rapid,full_bundle,25,20,43,0.17,0.5307299545647044,0.95
rapid,full_bundle,45,40,43,0.14,0.5438979524677832,0.95
rapid,full_bundle,15,10,44,0.09,0.5411973113032073,0.95
rapid,full_bundle,25,20,44,0.1,0.5531349574284588,0.95
rapid,full_bundle,45,40,44,0.125,0.5369731559356098,0.95
rapid,full_bundle,15,10,45,0.09,0.5516545745281427,0.95
rapid,full_bundle,25,20,45,0.155,0.5501104906273325,0.95
rapid,full_bundle,45,40,45,0.135,0.5537292277672027,0.95
rapid,full_bundle,15,10,46,0.14,0.5542342844638255,0.95
rapid,full_bundle,25,20,46,0.095,0.5630830661579002,0.95
rapid,full_bundle,45,40,46,0.105,0.55803003266086,0.95
rapid,full_bundle,15,10,47,0.115,0.550075406389661,0.95
rapid,full_bundle,25,20,47,0.13,0.5508466320361045,0.95
rapid,full_bundle,45,40,47,0.115,0.5557626406810016,0.95
rapid,full_bundle,15,10,48,0.135,0.5335633968079821,0.95
rapid,full_bundle,25,20,48,0.13,0.5444617721597845,0.95
rapid,full_bundle,45,40,48,0.13,0.5429957133034317,0.95
rapid,full_bundle,15,10,49,0.095,0.5478684877339935,0.95
rapid,full_bundle,25,20,49,0.115,0.5544050670624181,0.95
rapid,full_bundle,45,40,49,0.105,0.5621068173905878,0.95
gradual,baseline,170,10,0,0.78,0.33702097953642207,0.95
gradual,baseline,180,20,0,0.765,0.3326873765225281,0.95
gradual,baseline,200,40,0,0.83,0.31357143290132616,0.95
gradual,baseline,170,10,1,0.78,0.332869146321451,0.95
gradual,baseline,180,20,1,0.8,0.32653239257872074,0.95
gradual,baseline,200,40,1,0.835,0.31089313886359593,0.95
gradual,baseline,170,10,2,0.78,0.3371789257363707,0.95
gradual,baseline,180,20,2,0.805,0.3290296885580776,0.95
gradual,baseline,200,40,2,0.805,0.3284953896642449,0.95
gradual,baseline,170,10,3,0.75,0.34720329697733604,0.95
gradual,baseline,180,20,3,0.76,0.3422256433209809,0.95
gradual,baseline,200,40,3,0.755,0.35200255248056955,0.95
gradual,baseline,170,10,4,0.795,0.333773968314736,0.95
gradual,baseline,180,20,4,0.72,0.33831260936207996,0.95
gradual,baseline,200,40,4,0.73,0.3389698788000283,0.95
gradual,baseline,170,10,5,0.805,0.3357993834261786,0.95
gradual,baseline,180,20,5,0.8,0.31866950506385944,0.95
gradual,baseline,200,40,5,0.815,0.3209248172906769,0.95
gradual,baseline,170,10,6,0.76,0.33708332290411624,0.95
gradual,baseline,180,20,6,0.765,0.33273857684136887,0.95
gradual,baseline,200,40,6,0.79,0.3324435053356727,0.95
gradual,baseline,170,10,7,0.765,0.33950195036080794,0.95
gradual,baseline,180,20,7,0.745,0.3452511859936078,0.95
gradual,baseline,200,40,7,0.795,0.33433204058977994,0.95
gradual,baseline,170,10,8,0.76,0.33623927962784705,0.95
gradual,baseline,180,20,8,0.79,0.33294708159029673,0.95
gradual,baseline,200,40,8,0.83,0.3261506286130754,0.95
gradual,baseline,170,10,9,0.74,0.34652450781765537,0.95
gradual,baseline,180,20,9,0.76,0.33918724764483377,0.95
gradual,baseline,200,40,9,0.795,0.3263657968204066,0.95
gradual,baseline,170,10,10,0.815,0.3207871296798047,0.95
gradual,baseline,180,20,10,0.84,0.3127081750550326,0.95
gradual,baseline,200,40,10,0.765,0.3353639667707796,0.95
gradual,baseline,170,10,11,0.725,0.35304356823087146,0.95
gradual,baseline,180,20,11,0.765,0.3301274488677941,0.95
gradual,baseline,200,40,11,0.815,0.3241768019824012,0.95
gradual,baseline,170,10,12,0.765,0.3292224783334404,0.95
gradual,baseline,180,20,12,0.785,0.33694247592353593,0.95
gradual,baseline,200,40,12,0.7,0.35325663442694777,0.95
gradual,baseline,170,10,13,0.75,0.3356814444583094,0.95
gradual,baseline,180,20,13,0.735,0.33792572836500406,0.95
gradual,baseline,200,40,13,0.815,0.3254087163860803,0.95
gradual,baseline,170,10,14,0.765,0.3481648291578541,0.95
gradual,baseline,180,20,14,0.725,0.35225314962771703,0.95
gradual,baseline,200,40,14,0.805,0.3359961244734189,0.95
gradual,baseline,170,10,15,0.805,0.3371690738293898,0.95
gradual,baseline,180,20,15,0.77,0.3346723448231985,0.95
gradual,baseline,200,40,15,0.775,0.33289040122309316,0.95
gradual,baseline,170,10,16,0.75,0.33958498969043505,0.95
gradual,baseline,180,20,16,0.8,0.32830319054551427,0.95
gradual,baseline,200,40,16,0.87,0.3051388393266343,0.95
gradual,baseline,170,10,17,0.775,0.3413522354619841,0.95
gradual,baseline,180,20,17,0.8,0.32769067949351693,0.95
gradual,baseline,200,40,17,0.81,0.3252666582551636,0.95
gradual,baseline,170,10,18,0.79,0.3235187058206265,0.95
gradual,baseline,180,20,18,0.795,0.3193039436177675,0.95
gradual,baseline,200,40,18,0.82,0.3175113269106981,0.95
gradual,baseline,170,10,19,0.79,0.33678613187902107,0.95
gradual,baseline,180,20,19,0.78,0.33117636298562586,0.95
gradual,baseline,200,40,19,0.775,0.33049692970391303,0.95
gradual,baseline,170,10,20,0.82,0.320657164328065,0.95
gradual,baseline,180,20,20,0.82,0.3162634159001873,0.95
gradual,baseline,200,40,20,0.785,0.3318955131181568,0.95
gradual,baseline,170,10,21,0.73,0.343224550687945,0.95
gradual,baseline,180,20,21,0.755,0.34050577865936227,0.95
gradual,baseline,200,40,21,0.73,0.34152290399962043,0.95
gradual,baseline,170,10,22,0.79,0.3380908516020878,0.95
gradual,baseline,180,20,22,0.78,0.3301720737752269,0.95
gradual,baseline,200,40,22,0.8,0.32483269629488687,0.95
gradual,baseline,170,10,23,0.705,0.3458404149376516,0.95
gradual,baseline,180,20,23,0.77,0.34082980175304994,0.95
gradual,baseline,200,40,23,0.865,0.3169416460538752,0.95
gradual,baseline,170,10,24,0.74,0.3366340498698939,0.95
gradual,baseline,180,20,24,0.825,0.32626225808145165,0.95
gradual,baseline,200,40,24,0.805,0.31577079243517825,0.95
gradual,baseline,170,10,25,0.765,0.33841314888033514,0.95
gradual,baseline,180,20,25,0.79,0.3380218479856187,0.95
gradual,baseline,200,40,25,0.805,0.3277736253091199,0.95
gradual,baseline,170,10,26,0.825,0.31862109490973567,0.95
gradual,baseline,180,20,26,0.855,0.3135606526854935,0.95
gradual,baseline,200,40,26,0.83,0.32954541582940833,0.95
gradual,baseline,170,10,27,0.76,0.343658536078166,0.95
gradual,baseline,180,20,27,0.825,0.32540869148282164,0.95
gradual,baseline,200,40,27,0.77,0.3329224445318842,0.95
gradual,baseline,170,10,28,0.815,0.329152622050793,0.95
gradual,baseline,180,20,28,0.835,0.32425257359986775,0.95
gradual,baseline,200,40,28,0.77,0.32530467210968084,0.95
gradual,baseline,170,10,29,0.805,0.3341329652501949,0.95
gradual,baseline,180,20,29,0.77,0.33188230007569813,0.95
gradual,baseline,200,40,29,0.775,0.3356362011547001,0.95
gradual,baseline,170,10,30,0.725,0.3552391349886974,0.95
gradual,baseline,180,20,30,0.82,0.3280695234048492,0.95
gradual,baseline,200,40,30,0.79,0.32357005961592766,0.95
gradual,baseline,170,10,31,0.78,0.336302750874816,0.95
gradual,baseline,180,20,31,0.78,0.3379421161626132,0.95
gradual,baseline,200,40,31,0.83,0.32259251804678785,0.95
gradual,baseline,170,10,32,0.8,0.33664460608875824,0.95
gradual,baseline,180,20,32,0.78,0.34077839372382307,0.95
gradual,baseline,200,40,32,0.77,0.3310524626648107,0.95
gradual,baseline,170,10,33,0.8,0.3292931861880566,0.95
gradual,baseline,180,20,33,0.78,0.33243963947638194,0.95
gradual,baseline,200,40,33,0.79,0.33316230115475226,0.95
gradual,baseline,170,10,34,0.765,0.3346051884229867,0.95
gradual,baseline,180,20,34,0.775,0.33945084141536586,0.95
gradual,baseline,200,40,34,0.81,0.32586394883569936,0.95
gradual,baseline,170,10,35,0.775,0.33137687709130076,0.95
gradual,baseline,180,20,35,0.765,0.3297174521910298,0.95
gradual,baseline,200,40,35,0.805,0.33244844063614154,0.95
gradual,baseline,170,10,36,0.755,0.32699526494138714,0.95
gradual,baseline,180,20,36,0.765,0.340059992726941,0.95
gradual,baseline,200,40,36,0.855,0.31254248104905136,0.95
gradual,baseline,170,10,37,0.76,0.33501998318500176,0.95
gradual,baseline,180,20,37,0.765,0.335079484828686,0.95
gradual,baseline,200,40,37,0.81,0.33118494891571004,0.95
gradual,baseline,170,10,38,0.765,0.33921714126247676,0.95
gradual,baseline,180,20,38,0.85,0.31594466332580606,0.95
gradual,baseline,200,40,38,0.825,0.3120780257788781,0.95
gradual,baseline,170,10,39,0.74,0.3408643940524971,0.95
gradual,baseline,180,20,39,0.755,0.33915315234568383,0.95
gradual,baseline,200,40,39,0.81,0.3243955220180862,0.95
gradual,baseline,170,10,40,0.78,0.33099168117252575,0.95
gradual,baseline,180,20,40,0.82,0.32208788135219335,0.95
gradual,baseline,200,40,40,0.815,0.33080411938355975,0.95
gradual,baseline,170,10,41,0.8,0.31378138003941175,0.95
gradual,baseline,180,20,41,0.805,0.3230256888912574,0.95
gradual,baseline,200,40,41,0.825,0.31670251577205305,0.95
gradual,baseline,170,10,42,0.76,0.34531945868174163,0.95
gradual,baseline,180,20,42,0.745,0.3467765501558535,0.95
gradual,baseline,200,40,42,0.765,0.33514279763138277,0.95
gradual,baseline,170,10,43,0.77,0.3433070963912801,0.95
gradual,baseline,180,20,43,0.75,0.350343458931347,0.95
gradual,baseline,200,40,43,0.815,0.3318416906556753,0.95
gradual,baseline,170,10,44,0.79,0.3427490402128059,0.95
gradual,baseline,180,20,44,0.74,0.342775803689528,0.95
gradual,baseline,200,40,44,0.7,0.3596535733932564,0.95
gradual,baseline,170,10,45,0.79,0.3338606081536213,0.95
gradual,baseline,180,20,45,0.795,0.3295375397536422,0.95
gradual,baseline,200,40,45,0.805,0.3277209916691147,0.95
gradual,baseline,170,10,46,0.79,0.3277368001224846,0.95
gradual,baseline,180,20,46,0.75,0.33199344709036327,0.95
gradual,baseline,200,40,46,0.745,0.3372602879295318,0.95
gradual,baseline,170,10,47,0.805,0.33601016278253243,0.95
gradual,baseline,180,20,47,0.745,0.3336198509220424,0.95
gradual,baseline,200,40,47,0.815,0.33102994398258156,0.95
gradual,baseline,170,10,48,0.81,0.32842139251600067,0.95
gradual,baseline,180,20,48,0.81,0.33102715631734453,0.95
gradual,baseline,200,40,48,0.765,0.3352228413531006,0.95
gradual,baseline,170,10,49,0.775,0.3355285116424808,0.95
gradual,baseline,180,20,49,0.745,0.3381825592082422,0.95
gradual,baseline,200,40,49,0.825,0.32657817012659396,0.95
gradual,ubi_only,170,10,0,0.485,0.42481304834233596,0.95
gradual,ubi_only,180,20,0,0.555,0.41823663459695143,0.95
gradual,ubi_only,200,40,0,0.55,0.40218113308795694,0.95
gradual,ubi_only,170,10,1,0.51,0.4178540298942869,0.95
gradual,ubi_only,180,20,1,0.51,0.41293954663429994,0.95
gradual,ubi_only,200,40,1,0.605,0.39528547977370065,0.95
gradual,ubi_only,170,10,2,0.515,0.42149236767179865,0.95
gradual,ubi_only,180,20,2,0.53,0.4148101255825074,0.95
gradual,ubi_only,200,40,2,0.5,0.41628233363991163,0.95
gradual,ubi_only,170,10,3,0.44,0.4361401838451296,0.95
gradual,ubi_only,180,20,3,0.435,0.4321400058096688,0.95
gradual,ubi_only,200,40,3,0.45,0.44253973988223905,0.95
gradual,ubi_only,170,10,4,0.495,0.4209856287839747,0.95
gradual,ubi_only,180,20,4,0.47,0.42459999197193965,0.95
gradual,ubi_only,200,40,4,0.505,0.42636042310369104,0.95
gradual,ubi_only,170,10,5,0.515,0.42310347403502957,0.95
gradual,ubi_only,180,20,5,0.55,0.4049492353011041,0.95
gradual,ubi_only,200,40,5,0.585,0.4074800678984002,0.95
gradual,ubi_only,170,10,6,0.495,0.4256060082282924,0.95
gradual,ubi_only,180,20,6,0.49,0.4194790976040558,0.95
gradual,ubi_only,200,40,6,0.49,0.4191314541229467,0.95
gradual,ubi_only,170,10,7,0.48,0.4233937427783542,0.95
gradual,ubi_only,180,20,7,0.485,0.43214935299813584,0.95
gradual,ubi_only,200,40,7,0.475,0.4258310412875491,0.95
gradual,ubi_only,170,10,8,0.465,0.4221482504171589,0.95
gradual,ubi_only,180,20,8,0.55,0.4186111068473561,0.95
gradual,ubi_only,200,40,8,0.535,0.4163655829167218,0.95
gradual,ubi_only,170,10,9,0.465,0.43367333059902996,0.95
gradual,ubi_only,180,20,9,0.465,0.42836386957707284,0.95
gradual,ubi_only,200,40,9,0.54,0.4139281383300319,0.95
gradual,ubi_only,170,10,10,0.58,0.4028306754811213,0.95
gradual,ubi_only,180,20,10,0.56,0.39900214685652374,0.95
gradual,ubi_only,200,40,10,0.485,0.4219723361786825,0.95
gradual,ubi_only,170,10,11,0.44,0.4405409369650024,0.95
gradual,ubi_only,180,20,11,0.5,0.4184135075796344,0.95
gradual,ubi_only,200,40,11,0.52,0.41119803526958265,0.95
gradual,ubi_only,170,10,12,0.54,0.4146407528518982,0.95
gradual,ubi_only,180,20,12,0.525,0.420992422841896,0.95
gradual,ubi_only,200,40,12,0.44,0.44053479818374014,0.95
gradual,ubi_only,170,10,13,0.45,0.42321056294223214,0.95
gradual,ubi_only,180,20,13,0.5,0.42416076155416305,0.95
gradual,ubi_only,200,40,13,0.565,0.4115804761424567,0.95
gradual,ubi_only,170,10,14,0.465,0.43688003165911055,0.95
gradual,ubi_only,180,20,14,0.385,0.44261425720437303,0.95
gradual,ubi_only,200,40,14,0.45,0.42576486814315634,0.95
gradual,ubi_only,170,10,15,0.475,0.42544782163799866,0.95
gradual,ubi_only,180,20,15,0.485,0.4229316982708186,0.95
gradual,ubi_only,200,40,15,0.52,0.4183328286981889,0.95
gradual,ubi_only,170,10,16,0.465,0.42600668789413504,0.95
gradual,ubi_only,180,20,16,0.5,0.41718149549098826,0.95
gradual,ubi_only,200,40,16,0.615,0.3920242736414049,0.95
gradual,ubi_only,170,10,17,0.44,0.43259833684734583,0.95
gradual,ubi_only,180,20,17,0.52,0.41415893220274813,0.95
gradual,ubi_only,200,40,17,0.54,0.41138968223603184,0.95
gradual,ubi_only,170,10,18,0.535,0.4103597015483146,0.95
gradual,ubi_only,180,20,18,0.535,0.40756258921533467,0.95
gradual,ubi_only,200,40,18,0.555,0.40250370414794423,0.95
gradual,ubi_only,170,10,19,0.505,0.42541026406678084,0.95
gradual,ubi_only,180,20,19,0.52,0.41882349179027095,0.95
gradual,ubi_only,200,40,19,0.51,0.41734610469480343,0.95
gradual,ubi_only,170,10,20,0.565,0.4065213028241948,0.95
gradual,ubi_only,180,20,20,0.625,0.3999894021771953,0.95
gradual,ubi_only,200,40,20,0.525,0.4207067694730766,0.95
gradual,ubi_only,170,10,21,0.475,0.4309359124632463,0.95
gradual,ubi_only,180,20,21,0.485,0.4279469251350264,0.95
gradual,ubi_only,200,40,21,0.495,0.4278314516111532,0.95
gradual,ubi_only,170,10,22,0.485,0.42538908389267305,0.95
gradual,ubi_only,180,20,22,0.535,0.4177925028147038,0.95
gradual,ubi_only,200,40,22,0.505,0.41239504285419587,0.95
gradual,ubi_only,170,10,23,0.475,0.4319913786679123,0.95
gradual,ubi_only,180,20,23,0.45,0.4300372074424261,0.95
gradual,ubi_only,200,40,23,0.545,0.40701563412510056,0.95
gradual,ubi_only,170,10,24,0.54,0.4203104929488879,0.95
gradual,ubi_only,180,20,24,0.53,0.41343561635415854,0.95
gradual,ubi_only,200,40,24,0.575,0.40041147622086354,0.95
gradual,ubi_only,170,10,25,0.495,0.42491786962039013,0.95
gradual,ubi_only,180,20,25,0.49,0.4258209686943035,0.95
gradual,ubi_only,200,40,25,0.55,0.4146225435814769,0.95
gradual,ubi_only,170,10,26,0.525,0.40752255117316843,0.95
gradual,ubi_only,180,20,26,0.54,0.40054051429622534,0.95
gradual,ubi_only,200,40,26,0.545,0.41728280081118607,0.95
gradual,ubi_only,170,10,27,0.45,0.4308603506697105,0.95
gradual,ubi_only,180,20,27,0.585,0.4109842701242664,0.95
gradual,ubi_only,200,40,27,0.485,0.42241059348384996,0.95
gradual,ubi_only,170,10,28,0.495,0.4164539117482299,0.95
gradual,ubi_only,180,20,28,0.51,0.4123287490794263,0.95
gradual,ubi_only,200,40,28,0.585,0.4103758349303164,0.95
gradual,ubi_only,170,10,29,0.51,0.4202938288051854,0.95
gradual,ubi_only,180,20,29,0.53,0.419346354350356,0.95
gradual,ubi_only,200,40,29,0.53,0.42010649226777474,0.95
gradual,ubi_only,170,10,30,0.4,0.44277855013664225,0.95
gradual,ubi_only,180,20,30,0.55,0.4141835711652705,0.95
gradual,ubi_only,200,40,30,0.53,0.40915101952705596,0.95
gradual,ubi_only,170,10,31,0.485,0.424027755296818,0.95
gradual,ubi_only,180,20,31,0.47,0.42568497331245037,0.95
gradual,ubi_only,200,40,31,0.555,0.4089681236533437,0.95
gradual,ubi_only,170,10,32,0.515,0.4205576962660993,0.95
gradual,ubi_only,180,20,32,0.465,0.42708015264781907,0.95
gradual,ubi_only,200,40,32,0.535,0.4159815283241757,0.95
gradual,ubi_only,170,10,33,0.52,0.41755997481235363,0.95
gradual,ubi_only,180,20,33,0.51,0.41795914038339566,0.95
gradual,ubi_only,200,40,33,0.525,0.4214165800850331,0.95
gradual,ubi_only,170,10,34,0.5,0.4212036477027434,0.95
gradual,ubi_only,180,20,34,0.475,0.4289372782265971,0.95
gradual,ubi_only,200,40,34,0.555,0.41383576418856705,0.95
gradual,ubi_only,170,10,35,0.51,0.4173039360191346,0.95
gradual,ubi_only,180,20,35,0.555,0.4151137627238322,0.95
gradual,ubi_only,200,40,35,0.495,0.4213155897241123,0.95
gradual,ubi_only,170,10,36,0.55,0.41128939916745233,0.95
gradual,ubi_only,180,20,36,0.51,0.4253174440456371,0.95
gradual,ubi_only,200,40,36,0.6,0.3968379043436701,0.95
gradual,ubi_only,170,10,37,0.505,0.4211463960184558,0.95
gradual,ubi_only,180,20,37,0.515,0.4207843364744456,0.95
gradual,ubi_only,200,40,37,0.5,0.4180781885227768,0.95
gradual,ubi_only,170,10,38,0.475,0.425506961968797,0.95
gradual,ubi_only,180,20,38,0.555,0.40384368045821895,0.95
gradual,ubi_only,200,40,38,0.565,0.39699361498834224,0.95
gradual,ubi_only,170,10,39,0.51,0.42434972502366264,0.95
gradual,ubi_only,180,20,39,0.49,0.42402656885390355,0.95
gradual,ubi_only,200,40,39,0.5,0.413476886383806,0.95
gradual,ubi_only,170,10,40,0.505,0.41709864865536234,0.95
gradual,ubi_only,180,20,40,0.52,0.409468037400831,0.95
gradual,ubi_only,200,40,40,0.535,0.4177001399555108,0.95
gradual,ubi_only,170,10,41,0.57,0.398555366247721,0.95
gradual,ubi_only,180,20,41,0.59,0.4064235641366976,0.95
gradual,ubi_only,200,40,41,0.565,0.40345362724653455,0.95
gradual,ubi_only,170,10,42,0.415,0.4329006787264429,0.95
gradual,ubi_only,180,20,42,0.475,0.43515200815495353,0.95
gradual,ubi_only,200,40,42,0.54,0.42068475561175334,0.95
gradual,ubi_only,170,10,43,0.495,0.43019536276637227,0.95
gradual,ubi_only,180,20,43,0.42,0.43953972157196747,0.95
gradual,ubi_only,200,40,43,0.505,0.4194031914186619,0.95
gradual,ubi_only,170,10,44,0.46,0.43126378799096426,0.95
gradual,ubi_only,180,20,44,0.465,0.4295454971005897,0.95
gradual,ubi_only,200,40,44,0.39,0.4484565517697564,0.95
gradual,ubi_only,170,10,45,0.525,0.4205090750532146,0.95
gradual,ubi_only,180,20,45,0.515,0.4175792155531805,0.95
gradual,ubi_only,200,40,45,0.56,0.4150226577385199,0.95
gradual,ubi_only,170,10,46,0.53,0.4119933261262152,0.95
gradual,ubi_only,180,20,46,0.54,0.41786234265155286,0.95
gradual,ubi_only,200,40,46,0.52,0.42315101798510013,0.95
gradual,ubi_only,170,10,47,0.485,0.42553628383213415,0.95
gradual,ubi_only,180,20,47,0.535,0.41894452591849474,0.95
gradual,ubi_only,200,40,47,0.485,0.42161410917762376,0.95
gradual,ubi_only,170,10,48,0.48,0.4184670612765323,0.95
gradual,ubi_only,180,20,48,0.485,0.4209627595010776,0.95
gradual,ubi_only,200,40,48,0.525,0.42039650839426174,0.95
gradual,ubi_only,170,10,49,0.485,0.4214356265764117,0.95
gradual,ubi_only,180,20,49,0.49,0.4247702978957243,0.95
gradual,ubi_only,200,40,49,0.55,0.41523962887101384,0.95
gradual,full_bundle,170,10,0,0.085,0.5552830979161317,0.95
gradual,full_bundle,180,20,0,0.15,0.5497734381682546,0.95
gradual,full_bundle,200,40,0,0.14,0.535679189984124,0.95
gradual,full_bundle,170,10,1,0.12,0.548546702764958,0.95
gradual,full_bundle,180,20,1,0.16,0.5446517775161621,0.95
gradual,full_bundle,200,40,1,0.18,0.5291964625668397,0.95
gradual,full_bundle,170,10,2,0.125,0.5502092676145169,0.95
gradual,full_bundle,180,20,2,0.15,0.5450547724772626,0.95
gradual,full_bundle,200,40,2,0.115,0.5501807450245664,0.95
gradual,full_bundle,170,10,3,0.125,0.5634148163558563,0.95
gradual,full_bundle,180,20,3,0.1,0.5613678252728477,0.95
gradual,full_bundle,200,40,3,0.06,0.5754603406186071,0.95
gradual,full_bundle,170,10,4,0.12,0.553381059832384,0.95
gradual,full_bundle,180,20,4,0.13,0.5551311923258573,0.95
gradual,full_bundle,200,40,4,0.105,0.5569861864702361,0.95
gradual,full_bundle,170,10,5,0.085,0.5575962039995714,0.95
gradual,full_bundle,180,20,5,0.17,0.5359309424608022,0.95
gradual,full_bundle,200,40,5,0.13,0.5447822835088454,0.95
gradual,full_bundle,170,10,6,0.125,0.5538991315189229,0.95
gradual,full_bundle,180,20,6,0.125,0.5507367617356629,0.95
gradual,full_bundle,200,40,6,0.125,0.5510615229972989,0.95
gradual,full_bundle,170,10,7,0.13,0.5523235003383214,0.95
gradual,full_bundle,180,20,7,0.08,0.5638205199780539,0.95
gradual,full_bundle,200,40,7,0.13,0.555539790108703,0.95
gradual,full_bundle,170,10,8,0.145,0.5511074401197518,0.95
gradual,full_bundle,180,20,8,0.115,0.5527184260782758,0.95
gradual,full_bundle,200,40,8,0.105,0.551463643432132,0.95
gradual,full_bundle,170,10,9,0.085,0.5653408842380631,0.95
gradual,full_bundle,180,20,9,0.13,0.5574281044852643,0.95
gradual,full_bundle,200,40,9,0.165,0.5453049222805714,0.95
gradual,full_bundle,170,10,10,0.17,0.5351254140280388,0.95
gradual,full_bundle,180,20,10,0.165,0.5301865342377028,0.95
gradual,full_bundle,200,40,10,0.125,0.5530743287899135,0.95
gradual,full_bundle,170,10,11,0.065,0.5698984376043552,0.95
gradual,full_bundle,180,20,11,0.135,0.5481900503236725,0.95
gradual,full_bundle,200,40,11,0.14,0.544769338765379,0.95
gradual,full_bundle,170,10,12,0.155,0.5446018799861811,0.95
gradual,full_bundle,180,20,12,0.11,0.5538691865387942,0.95
gradual,full_bundle,200,40,12,0.085,0.5741436833415506,0.95
gradual,full_bundle,170,10,13,0.145,0.5494718472962432,0.95
gradual,full_bundle,180,20,13,0.13,0.5537423239680044,0.95
gradual,full_bundle,200,40,13,0.12,0.5443966219961922,0.95
gradual,full_bundle,170,10,14,0.095,0.5662863662586999,0.95
gradual,full_bundle,180,20,14,0.085,0.5705723373575285,0.95
gradual,full_bundle,200,40,14,0.115,0.5558657756897513,0.95
gradual,full_bundle,170,10,15,0.135,0.5534349689745122,0.95
gradual,full_bundle,180,20,15,0.125,0.5514398628464776,0.95
gradual,full_bundle,200,40,15,0.11,0.5512376631756866,0.95
gradual,full_bundle,170,10,16,0.12,0.5545949271832977,0.95
gradual,full_bundle,180,20,16,0.115,0.5492140796513084,0.95
gradual,full_bundle,200,40,16,0.135,0.5287582773417399,0.95
gradual,full_bundle,170,10,17,0.11,0.5603117351421061,0.95
gradual,full_bundle,180,20,17,0.14,0.5459814243361202,0.95
gradual,full_bundle,200,40,17,0.15,0.5444740111961565,0.95
gradual,full_bundle,170,10,18,0.14,0.5390065725730954,0.95
gradual,full_bundle,180,20,18,0.165,0.5365153066073843,0.95
gradual,full_bundle,200,40,18,0.17,0.5340909135352685,0.95
gradual,full_bundle,170,10,19,0.08,0.5560503791255795,0.95
gradual,full_bundle,180,20,19,0.135,0.5493117284579953,0.95
gradual,full_bundle,200,40,19,0.17,0.5483480807288511,0.95
gradual,full_bundle,170,10,20,0.16,0.5377492043153238,0.95
gradual,full_bundle,180,20,20,0.18,0.5326507381383732,0.95
gradual,full_bundle,200,40,20,0.09,0.5539439680627043,0.95
gradual,full_bundle,170,10,21,0.115,0.5608276862882531,0.95
gradual,full_bundle,180,20,21,0.11,0.5594764153718271,0.95
gradual,full_bundle,200,40,21,0.12,0.558011664833276,0.95
gradual,full_bundle,170,10,22,0.11,0.5557260719395484,0.95
gradual,full_bundle,180,20,22,0.13,0.5484119389626098,0.95
gradual,full_bundle,200,40,22,0.17,0.5418212998584978,0.95
gradual,full_bundle,170,10,23,0.115,0.559982106887351,0.95
gradual,full_bundle,180,20,23,0.1,0.5596721690911238,0.95
gradual,full_bundle,200,40,23,0.11,0.5414638915116928,0.95
gradual,full_bundle,170,10,24,0.11,0.5531295362073135,0.95
gradual,full_bundle,180,20,24,0.13,0.5454299513845272,0.95
gradual,full_bundle,200,40,24,0.18,0.5339898960347473,0.95
gradual,full_bundle,170,10,25,0.11,0.5557939898777604,0.95
gradual,full_bundle,180,20,25,0.105,0.5600241577063967,0.95
gradual,full_bundle,200,40,25,0.105,0.5502776841447002,0.95
gradual,full_bundle,170,10,26,0.145,0.538014215666558,0.95
gradual,full_bundle,180,20,26,0.145,0.5355493329725631,0.95
gradual,full_bundle,200,40,26,0.085,0.5535738178423092,0.95
gradual,full_bundle,170,10,27,0.11,0.5590468267308444,0.95
gradual,full_bundle,180,20,27,0.135,0.543424152015278,0.95
gradual,full_bundle,200,40,27,0.135,0.5534902625193863,0.95
gradual,full_bundle,170,10,28,0.105,0.548162830179594,0.95
gradual,full_bundle,180,20,28,0.105,0.5446616882545494,0.95
gradual,full_bundle,200,40,28,0.135,0.5447260694282069,0.95
gradual,full_bundle,170,10,29,0.14,0.5514792680186609,0.95
gradual,full_bundle,180,20,29,0.14,0.5502815666219371,0.95
gradual,full_bundle,200,40,29,0.09,0.5553663117641433,0.95
gradual,full_bundle,170,10,30,0.105,0.5683152798509241,0.95
gradual,full_bundle,180,20,30,0.115,0.5484732594390315,0.95
gradual,full_bundle,200,40,30,0.14,0.5419496888941392,0.95
gradual,full_bundle,170,10,31,0.12,0.5524811094435463,0.95
gradual,full_bundle,180,20,31,0.12,0.5544081502664167,0.95
gradual,full_bundle,200,40,31,0.135,0.5428882903014121,0.95
gradual,full_bundle,170,10,32,0.145,0.5507195111214123,0.95
gradual,full_bundle,180,20,32,0.09,0.5585514690150083,0.95
gradual,full_bundle,200,40,32,0.14,0.547007649351282,0.95
gradual,full_bundle,170,10,33,0.12,0.5503011246123204,0.95
gradual,full_bundle,180,20,33,0.15,0.5481343751949573,0.95
gradual,full_bundle,200,40,33,0.105,0.5559602140353452,0.95
gradual,full_bundle,170,10,34,0.12,0.5526916597084965,0.95
gradual,full_bundle,180,20,34,0.095,0.5594551208651775,0.95
gradual,full_bundle,200,40,34,0.11,0.5514375163743367,0.95
gradual,full_bundle,170,10,35,0.155,0.5459617966959308,0.95
gradual,full_bundle,180,20,35,0.16,0.5452512643882459,0.95
gradual,full_bundle,200,40,35,0.12,0.5511680044903733,0.95
gradual,full_bundle,170,10,36,0.15,0.5409805693911384,0.95
gradual,full_bundle,180,20,36,0.105,0.5563824018731798,0.95
gradual,full_bundle,200,40,36,0.165,0.5319335432108009,0.95
gradual,full_bundle,170,10,37,0.1,0.5518594576515663,0.95
gradual,full_bundle,180,20,37,0.105,0.5518803381198626,0.95
gradual,full_bundle,200,40,37,0.095,0.5508624090065026,0.95
gradual,full_bundle,170,10,38,0.11,0.5571224250538543,0.95
gradual,full_bundle,180,20,38,0.105,0.5381433782958265,0.95
gradual,full_bundle,200,40,38,0.175,0.5284920807227828,0.95
gradual,full_bundle,170,10,39,0.145,0.5525126901858991,0.95
gradual,full_bundle,180,20,39,0.11,0.5557670281457954,0.95
gradual,full_bundle,200,40,39,0.14,0.5475194697463683,0.95
gradual,full_bundle,170,10,40,0.15,0.5456825609056317,0.95
gradual,full_bundle,180,20,40,0.13,0.54351078619176,0.95
gradual,full_bundle,200,40,40,0.11,0.5514704317576319,0.95
gradual,full_bundle,170,10,41,0.17,0.5290323646654539,0.95
gradual,full_bundle,180,20,41,0.15,0.5389602469462791,0.95
gradual,full_bundle,200,40,41,0.155,0.5369974249976553,0.95
gradual,full_bundle,170,10,42,0.1,0.5610227963781818,0.95
gradual,full_bundle,180,20,42,0.085,0.5647322794249879,0.95
gradual,full_bundle,200,40,42,0.17,0.5518219463091726,0.95
gradual,full_bundle,170,10,43,0.085,0.5617908314904401,0.95
gradual,full_bundle,180,20,43,0.08,0.5696615941954913,0.95
gradual,full_bundle,200,40,43,0.105,0.5522423344849889,0.95
gradual,full_bundle,170,10,44,0.08,0.5617203035208774,0.95
gradual,full_bundle,180,20,44,0.13,0.5583947719707887,0.95
gradual,full_bundle,200,40,44,0.105,0.5756958473983279,0.95
gradual,full_bundle,170,10,45,0.085,0.5538560563198112,0.95
gradual,full_bundle,180,20,45,0.14,0.5498578283501261,0.95
gradual,full_bundle,200,40,45,0.115,0.5501953953372867,0.95
gradual,full_bundle,170,10,46,0.17,0.5412117686313153,0.95
gradual,full_bundle,180,20,46,0.14,0.54864579779157,0.95
gradual,full_bundle,200,40,46,0.125,0.5558908469953774,0.95
gradual,full_bundle,170,10,47,0.125,0.5567061812152262,0.95
gradual,full_bundle,180,20,47,0.11,0.5533394010405079,0.95
gradual,full_bundle,200,40,47,0.105,0.5516198581549525,0.95
gradual,full_bundle,170,10,48,0.17,0.5444250117170414,0.95
gradual,full_bundle,180,20,48,0.105,0.5527086723164643,0.95
gradual,full_bundle,200,40,48,0.135,0.5527405545696538,0.95
gradual,full_bundle,170,10,49,0.125,0.5527866600000982,0.95
gradual,full_bundle,180,20,49,0.11,0.5567984734228589,0.95
gradual,full_bundle,200,40,49,0.105,0.5511515948121322,0.95
